,id,CreationTime
0,28cdf36d-c7e9-41cd-8a16-a27530ec075a,2020-03-29T00:00:00
1,adb86f8f-f3ef-4723-b7a4-a43336f1f6e7,2020-07-15T00:00:00
2,6b668755-21cd-4e62-bc80-e0f83cfa138e,2019-07-11T00:00:00
3,e485fd54-098a-4634-927c-88283d740210,2020-05-23T00:00:00
4,4ff93099-9dab-492d-a94f-fac40ad2ba13,2017-11-19T00:00:00
5,638a0f50-a2d1-4465-8c8f-4cd170cd66b7,2018-10-30T00:00:00
6,a362a349-b1b4-4c08-88c6-471a8bc15a8b,2020-07-21T00:00:00
7,8e11fc91-efa8-420f-bb54-9a4c93599f8f,2019-05-24T00:00:00
8,58465e50-d3de-4281-9511-1b3b4b27502d,2018-10-18T00:00:00
9,f803adb6-c830-4810-85d0-3b775c84f85c,2018-01-04T00:00:00
10,d04c4a3d-95ff-42e8-afa2-9af0a20ff64d,2019-11-21T00:00:00
11,223b87b0-2f6a-4749-aa0c-76d600f56b72,2019-10-12T00:00:00
12,c04263e5-c113-423f-94f2-3472d75a6f7c,2019-09-03T00:00:00
13,ecd222a0-3856-4629-9996-38920e50a97e,2018-06-01T00:00:00
14,864c7d80-5aa0-439d-b2b8-d998f23ba392,2020-03-25T00:00:00
15,2574019e-6644-4add-b5be-f36270d3204b,2018-03-16T00:00:00
16,45793fbb-7fda-4cb0-b62b-2b95b4f19e81,2018-01-15T00:00:00
17,850fe8e3-a17e-470e-9f0c-747c78c79e3a,2018-04-24T00:00:00
18,1813028d-4326-4472-a0e3-3e8be9ada091,2018-10-10T00:00:00
19,1a8b6d1e-e2c5-4080-a62a-185c22842dce,2018-08-24T00:00:00
20,db2d255e-55dc-4b34-9514-9896a23e06a9,2020-07-28T00:00:00
21,ac234730-5726-48ee-8dc9-83952c520ff7,2018-09-12T00:00:00
22,ba9fd3ce-1ffa-4b44-8e36-06db2bb303c5,2017-11-15T00:00:00
23,f0301b5e-d34c-4da4-b2d0-c119ab9d2d92,2020-01-24T00:00:00
24,3f27d93e-db92-40db-9ac3-0c2a3877a7ae,2019-11-06T00:00:00
25,da5a7f03-4b26-4edf-84ff-196630724dbc,2018-03-20T00:00:00
26,2771ef30-1ec8-442d-8cee-ebf8aa4d4335,2018-01-01T00:00:00
27,f1948da8-d127-49b1-aa2f-4ecbaebdf856,2020-11-02T00:00:00
28,1797ffe2-2af7-4287-9ca5-3bea3d9925ca,2020-05-09T00:00:00
29,31bf7522-fe44-489f-a0a1-ef3ec3f492b8,2020-02-04T00:00:00
30,4b119364-d5bc-4696-aad1-de1a12083979,2019-12-09T00:00:00
31,4fb795f0-98b3-46c8-ae90-604ddc7b1975,2018-02-19T00:00:00
32,a92d818c-f782-4481-8d9f-26ffb72e540a,2020-11-06T00:00:00
33,aac8414a-0fde-431c-8dcd-f011dbd66c69,2019-09-22T00:00:00
34,237bf774-f628-4fcc-9b9c-dba06ef1fa22,2017-11-28T00:00:00
35,cacade83-2475-47ad-9867-8f0902b9ab92,2018-09-04T00:00:00
36,b1072faf-99fb-4257-954e-2c9b20b0bf82,2018-07-08T00:00:00
37,57e2beb0-2ff1-4992-af16-a71db3ea731c,2019-12-20T00:00:00
38,6c9caace-d0f2-4488-bd7f-e74cd500beaf,2019-08-27T00:00:00
39,532ede30-e9bb-40a8-b9e5-ba1807514a8d,2019-04-02T00:00:00
40,4d38e8fd-f378-468a-b9f2-3b2ba572c17c,2019-01-18T00:00:00
41,2075f099-ed66-4d88-9ac0-65420ade9bba,2020-04-01T00:00:00
42,cbb2f094-0135-4b38-97ad-5a37957f2132,2020-02-06T00:00:00
43,abaa288a-8e0e-415c-8874-557f519ae41d,2019-10-10T00:00:00
44,7d78660a-ee6f-4039-bd57-dbfcdeb949fd,2019-08-20T00:00:00
45,d9637746-551b-4fec-86fc-8aaea7e26f15,2020-03-07T00:00:00
46,fd272f7d-a091-4915-8500-bde47e9ccf7d,2020-08-19T00:00:00
47,bc4d411f-7dd3-4f93-bab1-6b8c5c0e2265,2020-02-12T00:00:00
48,86b203c8-96ae-4f72-9afa-83df1bf841d0,2020-05-02T00:00:00
49,67ce81d7-1dc1-4010-9f5e-fe75173c5e96,2020-10-09T00:00:00
50,cf03fd9f-7666-403e-95fa-4a9c0f9e2723,2019-10-25T00:00:00
51,a9d59cd5-04e6-44f1-8ff1-1af70d326c64,2018-08-19T00:00:00
52,b71218cd-c50d-44a9-8aad-47a25d90d359,2017-11-10T00:00:00
53,3bb674ce-e54d-43a5-a999-dda1a7662962,2018-10-04T00:00:00
54,1bb61d92-311c-475f-a1d6-fa79bb262aef,2019-10-17T00:00:00
55,2492f49e-295b-48a8-af6a-5ae1ca73eb98,2019-07-12T00:00:00
56,76c90a94-86a7-49d9-88da-c67ddb87697a,2019-09-14T00:00:00
57,3fb64750-2bc4-4f8c-982c-9b0fa5ec163f,2020-10-15T00:00:00
58,2bf23ff8-9762-4b6d-9bc4-1cda6c38a5c3,2019-09-14T00:00:00
59,dc51079f-7a38-40da-90bc-6eaa89b28ed2,2018-05-19T00:00:00
60,ad57e86f-14cd-42b1-8d75-384c4cb22a9b,2020-04-29T00:00:00
61,a696e5b4-d001-4474-90b1-fb404efcd0ea,2019-03-06T00:00:00
62,19b91aee-5848-45f8-aa13-6ca3f9b46a27,2019-08-18T00:00:00
63,517d9e3b-b366-4175-ad3f-1926f9b34f83,2020-07-13T00:00:00
64,e8674cc4-84a7-477b-91e9-646a9060c00e,2018-01-13T00:00:00
65,af3df638-11c0-4c22-b9f7-75c7dac87848,2018-07-10T00:00:00
66,1b799ddc-9d4d-4a89-b73f-7f1e78f60029,2018-10-07T00:00:00
67,72b6ca20-ab7f-4074-a495-d347d1f3a271,2020-05-24T00:00:00
68,8d80880f-4e30-4f77-88c7-734f8401d810,2018-03-03T00:00:00
69,7ea42ba5-bfaa-41b1-8e11-bbed202c972b,2019-05-16T00:00:00
70,fcd9cd23-32d4-4b57-a9c8-eb06d4b48065,2020-01-09T00:00:00
71,ea3630b8-278e-478d-8397-7a3e0acddec3,2020-09-14T00:00:00
72,5d9c541b-c5e0-4adc-897e-a7e5dda2d11a,2018-07-17T00:00:00
73,14274ef0-370e-4198-9f03-7fbe148e4009,2019-07-31T00:00:00
74,0056b6d4-adce-4081-98d7-fd849896776f,2018-06-11T00:00:00
75,296d5089-5d04-4c87-bf58-d87410304802,2019-06-17T00:00:00
76,dc989eee-f74c-4822-826e-4f33af7fe6f9,2019-08-22T00:00:00
77,5d1a8ccb-dae7-4e39-8aab-1c3bb2a34cd2,2019-07-05T00:00:00
78,63813175-e9fd-4476-91bd-c84b83b4a5b4,2017-11-22T00:00:00
79,6eaa7c9c-18b5-4393-a8b5-b6c4d144a891,2020-01-09T00:00:00
80,30f03bb9-b507-4094-b2e5-93cae9fd581c,2019-08-01T00:00:00
81,34b25194-2ddc-41ac-b7cf-dac0253d6019,2020-06-09T00:00:00
82,aed3a7c9-81ee-47d2-a6db-247229551139,2018-07-23T00:00:00
83,6cb3f725-fd78-495e-bdd3-19ef24c0d4ff,2018-02-03T00:00:00
84,8b00a25c-62cb-480b-8164-a0ac40dad3a8,2020-06-19T00:00:00
85,f67d5f90-ccdf-4949-95ca-669bc067e5d7,2017-12-28T00:00:00
86,9352739e-869b-4966-85eb-861c1c86f845,2018-07-02T00:00:00
87,7a735d0a-9399-4a4b-8a96-a503a447dcda,2018-09-17T00:00:00
88,02a12ef8-77a9-4fcd-8f3d-20e095527f5a,2019-07-06T00:00:00
89,62550014-1aa1-4b9d-a6bc-73f59de3b9b9,2018-03-22T00:00:00
90,80455d02-2882-43a4-9b77-70c347fe34a4,2020-07-19T00:00:00
91,da437e07-8f09-4c31-98ee-71bce73c96ad,2019-10-28T00:00:00
92,95dde912-3010-481f-9c76-70b249223baa,2018-05-14T00:00:00
93,1a169aa4-66e7-40fb-9572-e6f3c7e542e1,2019-11-08T00:00:00
94,7ac665dd-1402-4e57-b5cc-74f5b79f242a,2020-08-12T00:00:00
95,540bf907-47c9-4051-bff3-91cdde27bb8a,2019-09-21T00:00:00
96,715135ee-bd92-4418-9200-108a718ada13,2018-09-28T00:00:00
97,cdbe7b1c-e211-4b73-86a8-14a5e016cf9d,2020-07-04T00:00:00
98,b1455d2c-e294-4099-af6e-b3046a55344f,2019-03-27T00:00:00
99,0e9ff4d5-8ac8-4e88-932b-1b234ca2ef72,2020-08-14T00:00:00
100,0d49af9d-28fd-43ab-b82a-ba9e0663eb48,2018-09-23T00:00:00
101,fc81355d-e0a4-40db-b3fc-ddcf1ff48f7e,2018-08-02T00:00:00
102,0e9a1fb1-8075-4608-b96c-59e9b884d4d0,2018-02-26T00:00:00
103,5f18f103-595b-4ff5-81dc-dc3cda180e76,2018-02-21T00:00:00
104,c320c5a9-5f6e-4ff0-a05f-82b8974a63c8,2019-09-30T00:00:00
105,8a2ebdd3-cc2b-426b-b3e7-015e2dce8a56,2018-04-22T00:00:00
106,b3322721-19a9-446a-8582-02c75be079eb,2017-12-10T00:00:00
107,b0d507e0-3206-424e-a375-be1ac022ae4d,2019-08-05T00:00:00
108,2ac5e17c-3003-4a34-9359-ae0b3e9a1dec,2020-07-04T00:00:00
109,6e24b94c-25e1-41de-91ff-a5432be5e717,2018-09-26T00:00:00
110,7fdce5ef-7a72-4c67-94d7-e55237d27a88,2019-11-20T00:00:00
111,859191c0-58ad-4301-b0ae-503b60fad918,2019-10-28T00:00:00
112,7ec011ee-5d7f-4bf9-9ac2-57d1f6d74a0a,2018-06-12T00:00:00
113,401ac403-bbc0-41b7-bcbd-a8f42b8a2fbc,2019-05-20T00:00:00
114,2710a6ac-6cb8-4671-b8af-1cb3ef0f01e0,2019-10-15T00:00:00
115,8959d890-4eb7-4624-810d-b6252917f7dc,2020-07-29T00:00:00
116,dc046a55-8e21-4840-ad64-8ad010b9a9f8,2020-06-08T00:00:00
117,84e2c825-0c76-4be7-8b21-5d68772ff261,2020-07-17T00:00:00
118,776327b9-a2c8-4824-84b8-44ea5e190169,2018-12-24T00:00:00
119,a0a03a18-61d1-4e76-a258-6a7efb1adbde,2019-04-14T00:00:00
120,b722c5bd-2992-481b-835b-81423b22c010,2018-06-22T00:00:00
121,ab7c7fc2-45fe-4b3f-8db6-5377d8c9df3b,2019-05-15T00:00:00
122,18c344d0-d1b5-4dcd-9e61-9b74f18cb451,2020-06-03T00:00:00
123,1b8589fd-4549-47b6-96b8-f7bb51d9d755,2020-10-14T00:00:00
124,975bb26e-cbcb-43f8-a074-adefbc179d9a,2018-01-28T00:00:00
125,b67135d6-67e9-47e6-9fcc-b46f8d8f147a,2018-11-28T00:00:00
126,1f5549db-40a5-464b-a360-e005cecd3a7e,2019-05-09T00:00:00
127,49250563-3790-4bf6-89c6-fbb0b51d80c9,2019-05-20T00:00:00
128,b3d8e4a1-8073-4f45-9f19-de0335accb9c,2019-12-20T00:00:00
129,b4aa2ce6-d067-4f73-87e9-83a7e97bd68f,2017-12-10T00:00:00
130,f9c0c61c-923f-4e76-8b8d-aa60ddd21d74,2020-05-22T00:00:00
131,17aeddf2-aad4-4126-b405-a66e8a39ba12,2020-10-23T00:00:00
132,9d68625e-f5bd-481c-9082-7a55b4e13917,2020-01-13T00:00:00
133,0b18c7e6-7f0b-498d-bb8b-c9590465865b,2018-04-11T00:00:00
134,c04a8602-b99c-48e6-9edc-84e505d62328,2020-02-07T00:00:00
135,e25bdfd9-87a7-4ade-bf00-d9148c960f3e,2018-03-24T00:00:00
136,476c04d3-cdbf-429f-86ce-6854fa563025,2018-10-30T00:00:00
137,cbf008c2-69b6-4fe3-85f1-304bdd0865fa,2020-07-24T00:00:00
138,4cd324a1-20b4-4c0e-8339-be3f5583c175,2020-11-01T00:00:00
139,df7f4510-cace-405e-8ab1-cd29edeb1187,2020-09-29T00:00:00
140,8f4527cb-8997-492b-93fc-fea3daa7f03b,2017-12-28T00:00:00
141,6036ac41-00ba-4e42-995b-f970293b1d77,2020-07-07T00:00:00
142,e5152b7f-7963-4f78-b5fd-e8cbd72a9b8a,2018-09-17T00:00:00
143,995c6a0f-cb2c-48e7-815c-1c67a380fe31,2019-06-04T00:00:00
144,d6cf7624-ef3f-45eb-8320-ff0e671bdcd5,2020-01-12T00:00:00
145,edad1e2c-9939-46ee-9128-14182fd97039,2019-09-16T00:00:00
146,74747ecc-ec48-4b52-9526-8dd4049e263b,2020-06-20T00:00:00
147,ad8e9dbe-dfa9-43db-880a-4dec555e9427,2018-10-24T00:00:00
148,36494f57-1728-4f93-b121-9190983ac8eb,2017-12-12T00:00:00
149,7e6a37ef-164f-4660-83ea-f5dda5fb755f,2020-06-24T00:00:00
150,05f018ac-619c-457b-8683-288f22256944,2018-02-10T00:00:00
151,beba5971-361b-4ef1-88ea-7da77976933b,2020-01-24T00:00:00
152,387cea29-dc15-487b-9e9c-2e6757b43280,2020-03-20T00:00:00
153,25846e66-6491-4ea9-a6de-89c350a63e0f,2018-07-01T00:00:00
154,b20167c5-5725-4cbb-abd6-beb5f4ac876e,2018-06-22T00:00:00
155,b54772fb-cfab-4e39-802b-ce8ebe722e97,2019-10-26T00:00:00
156,39912893-6a3a-415f-860e-6dd332119609,2019-06-05T00:00:00
157,86f225b7-dd2e-4e80-b499-62ca83c18b1b,2020-03-20T00:00:00
158,91ef27e6-6af4-473a-9a18-f957105f0ecb,2020-07-25T00:00:00
159,4c537d0c-4925-4b3d-9801-54f67c42b3f9,2018-05-09T00:00:00
160,2635d34f-8596-4824-ad86-aca705add78e,2019-09-26T00:00:00
161,4be395ee-f247-4cc7-8434-886aa9377ca1,2020-03-12T00:00:00
162,64aee563-f1fe-415b-b2a9-37353dfa08c3,2019-02-24T00:00:00
163,902ab131-7679-4a71-a307-6fdd5a04bc4f,2020-06-22T00:00:00
164,f64a1586-8f82-4621-a1a0-7dc87392bc63,2020-06-05T00:00:00
165,9505321e-1a16-481a-b073-bd8882f7dfd4,2019-04-16T00:00:00
166,d15cba31-e281-4062-8f8f-d203956a7a2b,2018-05-12T00:00:00
167,04bb9cdb-64ab-40f0-8f07-b493bd4c3794,2019-11-14T00:00:00
168,451e1952-9185-49c5-8d24-b1661453aa6c,2020-09-27T00:00:00
169,fc1c493d-2346-40b1-85df-bfba4434f687,2018-04-01T00:00:00
170,dbd76b83-6c67-4373-b7a8-49e1e6903930,2020-10-30T00:00:00
171,cc77bb9d-dfd3-48f9-8ad1-c52737b7c41a,2018-10-17T00:00:00
172,e1dec461-2cb3-44a4-9568-0e14b49ef867,2020-10-14T00:00:00
173,b4aba52c-fad6-42fc-9098-04ca27df0b84,2020-02-14T00:00:00
174,c6523b48-b8d1-4e82-8782-396387bd7e3a,2017-12-08T00:00:00
175,648a5b5b-ca15-461b-834e-943979abdfe6,2018-08-25T00:00:00
176,1225b596-9c1f-4072-8b83-832bdad5b436,2018-07-17T00:00:00
177,360cd2bc-ee41-4bf7-87ba-b0a2c963c9cf,2019-04-06T00:00:00
178,00b047c5-6bee-4d7d-94fd-3d66da386082,2018-05-09T00:00:00
179,3d2a4505-2de6-406b-b7d2-32bc5d34fe73,2020-10-14T00:00:00
180,5b90dd26-6f39-4321-ad71-1c6df7122e6d,2018-12-08T00:00:00
181,e8b057b8-7354-42d3-b5b3-558b6530b0c0,2018-05-10T00:00:00
182,67651252-8d45-4f7f-a1d0-c0bb516b3389,2019-08-01T00:00:00
183,585bb144-2d5c-4d4c-a9a1-dcd90d7ffdd5,2019-09-27T00:00:00
184,f67b533b-f7fc-44d5-91ab-1988b53625b5,2018-11-29T00:00:00
185,c307a593-5bb1-4ec9-ba2a-3ee9e00c3965,2017-12-18T00:00:00
186,20d6b643-4120-42b6-bb90-d67db3184414,2018-07-06T00:00:00
187,414ab78e-890c-421e-a087-ec8bd564f030,2020-05-10T00:00:00
188,a07a9b9e-ff5c-49aa-b92e-576b8351f4b8,2017-12-29T00:00:00
189,c123a367-dc45-4c6b-8afb-9aca484224b6,2020-03-25T00:00:00
190,31d5365f-0ef5-4f3f-81af-328511d7d7b8,2019-06-06T00:00:00
191,873e4484-05fc-4532-b860-9c1a2366c5aa,2019-08-28T00:00:00
192,bf41f460-a2e2-4fc6-9895-2daf1e11f294,2018-08-02T00:00:00
193,22f553b5-82b9-4d46-959e-db1301b858d4,2019-05-27T00:00:00
194,4b80235a-9d82-4266-a146-0d0bf90911d8,2019-03-08T00:00:00
195,f9150850-b4d5-49d9-afd7-de0ecc78d032,2018-12-12T00:00:00
196,ebefc693-c852-45f0-9ac1-e6bdf1fea832,2019-05-05T00:00:00
197,8020064f-1b0e-45aa-a6f0-8490a48fef82,2019-10-02T00:00:00
198,407fe14d-a588-49b9-a12b-20b6d1e8a36e,2020-09-20T00:00:00
199,e16d25eb-3500-41ea-9ada-189cb93fea20,2018-02-28T00:00:00
200,50d26862-cff4-4878-9e60-132c69a7d0df,2019-11-12T00:00:00
201,18bf0369-0e43-48b9-a6be-b48d84fb6275,2017-12-19T00:00:00
202,77ec03c0-42d8-4e3d-b952-7584458ca276,2019-10-19T00:00:00
203,66d853a5-897a-4462-ab3f-1155e794a580,2020-01-17T00:00:00
204,e54862a6-8bf3-443b-b61a-98469938f596,2020-06-16T00:00:00
205,83d5a899-a12f-49c9-8e9e-e5961ea3b24d,2019-07-28T00:00:00
206,cf5bfec1-0975-462d-9255-e1fdb73b381b,2019-06-25T00:00:00
207,58a92b91-2669-466f-bd2a-5801cf06d25a,2018-12-02T00:00:00
208,9704dfe1-3177-477e-9007-0def736c7c41,2019-11-23T00:00:00
209,a394ca82-4a75-4bea-8af5-a1a138221ac3,2018-11-29T00:00:00
210,862d5a50-9d2b-4268-a399-1a2fde820cb1,2017-11-27T00:00:00
211,7d267779-e700-4f06-a861-1151aaf95d7f,2019-12-29T00:00:00
212,e509433a-c503-4a99-b59e-09e2a087df16,2020-07-06T00:00:00
213,282f23cf-ef28-4172-a695-d65a19ef140a,2020-09-06T00:00:00
214,ab2370ac-8d0b-4187-a5ab-d0ea81386c04,2019-08-27T00:00:00
215,b2c6752b-a62a-4df9-a853-d692055f052e,2020-03-01T00:00:00
216,46b98acb-3d6f-4e51-97a3-ebc3e3120bcf,2019-09-23T00:00:00
217,50e69a09-144a-4b7d-9f07-b871fc5e3dce,2019-06-16T00:00:00
218,dc39acb9-16b9-430b-8c68-055a2a45ef03,2019-03-24T00:00:00
219,27f224fb-02af-4738-894b-455f9cea5a4f,2019-11-12T00:00:00
220,c1210ccd-2053-40c3-96bd-ab7fe289ebdd,2018-02-23T00:00:00
221,07753fed-6bd2-4353-b8fe-00bfb3138d69,2018-11-02T00:00:00
222,77b0e4e6-f402-440c-a4ba-6fe84ea5e676,2018-07-23T00:00:00
223,5e0335ec-de31-4739-8bc0-5426667250db,2020-08-10T00:00:00
224,525e3249-a3a5-4648-aa2d-712b86b44565,2020-09-27T00:00:00
225,5cd3f2db-82d7-4925-9c53-4a6dd2fbd6d7,2019-08-09T00:00:00
226,c7715bc0-ebd6-4334-99c2-c1b0498c9f2c,2018-02-06T00:00:00
227,31f837c7-f91d-48d4-83e1-66236a67bfab,2018-06-09T00:00:00
228,8fe13f93-ad3c-431d-9f52-5bab9cb11ca9,2020-01-07T00:00:00
229,9e0ee297-c461-4fc5-b1b6-ff0b24e87b23,2018-11-03T00:00:00
230,750d4717-c410-4c7d-875b-f66790d05f04,2018-05-09T00:00:00
231,d2ec7dbe-2e83-4577-a240-d47ffec7754a,2020-01-22T00:00:00
232,d318c5b8-b131-4bfe-ab85-d1e795217afd,2019-01-13T00:00:00
233,33149bc7-9147-4c34-b7ef-b534537f5103,2018-06-28T00:00:00
234,65ead3f7-cec4-444e-801a-04c433561ecc,2018-07-07T00:00:00
235,6122c7fa-f5d9-465c-a4bd-c9e402d58126,2018-01-11T00:00:00
236,aa382b55-9867-4836-abe9-27ab9e1ca761,2020-06-28T00:00:00
237,ef864d34-dbbb-4fb5-ae7a-3a4a35e81ac7,2020-08-13T00:00:00
238,5fbb89e7-f750-4c5e-bfba-19f293ad7edd,2018-05-06T00:00:00
239,34af8bbe-af30-43a9-bc25-be1ee36fd058,2019-11-16T00:00:00
240,e3a17d31-e07b-44b2-92a1-8ad9c466f922,2018-06-15T00:00:00
241,60632f30-8a0b-44b1-84eb-2c53a4c02adb,2019-02-17T00:00:00
242,181027c4-8b85-483e-963b-36e1a6e5637c,2020-04-01T00:00:00
243,2c73ff07-83bb-4adf-a196-24d67fee0e0e,2018-08-10T00:00:00
244,89defb45-20cf-48ab-b84d-17b89bc48957,2019-02-04T00:00:00
245,7815cb98-a888-485d-83e0-d270fc208cfd,2020-10-01T00:00:00
246,17f94b2e-0a7f-45fa-a95e-562e6c4ee2aa,2019-08-15T00:00:00
247,a4f56b1c-6faa-496b-ac01-dae8ecfe0816,2019-09-10T00:00:00
248,0736eaeb-d8e7-4d7e-b367-9992c124f292,2019-09-13T00:00:00
249,e8364bf2-8d63-4166-9875-ab8591cf0de8,2018-12-04T00:00:00
250,2a74a945-ffca-428d-98c0-1a4adfa40e51,2019-10-25T00:00:00
251,aa946a92-5927-4fe7-a1d1-620380c05634,2020-06-04T00:00:00
252,9d5aaf24-679e-4f6c-9a2c-37e00839edfa,2020-05-12T00:00:00
253,a782913d-6c6a-4c2f-8db1-087ddf3eff1c,2020-06-25T00:00:00
254,c7f25191-f4b3-4264-9156-5792aaae0443,2019-01-04T00:00:00
255,d5b2b3aa-d3be-401f-950c-0ddf870133df,2020-04-20T00:00:00
256,c08a63ba-f91a-43fa-a330-f3d7658fbb82,2018-04-28T00:00:00
257,d4f1b8f6-d5a7-4cdd-8bb1-5f68ae172f0f,2019-04-15T00:00:00
258,d308bb33-d957-41dd-8a8a-9229e4fabaea,2019-11-12T00:00:00
259,2c9961c0-701e-4049-975c-a54b3ba506cd,2018-08-30T00:00:00
260,6d0f9d65-5460-41d9-9e11-9efff2a07bbf,2018-03-31T00:00:00
261,6fdde849-cb63-46d2-8ced-83f52e265f66,2020-08-15T00:00:00
262,1061df71-4d97-46b8-8394-f55c1d6df517,2020-06-15T00:00:00
263,b38434cd-99bb-4f73-bf24-0c971346e90c,2018-04-26T00:00:00
264,333c4ed8-bd4d-43e3-b07c-0aa8d4012886,2018-08-05T00:00:00
265,588787d7-07d1-42f0-babe-65bdd8d060d6,2018-08-04T00:00:00
266,ec71069c-735f-4202-894d-bb0b984f5ebf,2020-01-13T00:00:00
267,33679844-5e77-463c-b60b-f855a4b1dfe3,2018-02-05T00:00:00
268,037f8f53-bd3a-4f0c-adc9-fec3c5752d04,2020-10-22T00:00:00
269,de3a0b7e-11d4-45a4-93eb-0e70304f57f8,2019-07-15T00:00:00
270,e3dc8d84-a385-4eeb-b6f6-f5d405f7a7a0,2020-08-21T00:00:00
271,9ca7eae5-b537-4c02-9100-56d8f69cfd05,2019-07-22T00:00:00
272,778eb176-1f3e-4566-8105-10fcfde66eac,2019-06-26T00:00:00
273,53ede778-bc38-46bb-ae92-6bfb00bbbe7d,2020-08-30T00:00:00
274,1969d3ff-960a-4b2d-87a9-91bc84d6b0c5,2019-09-13T00:00:00
275,b9e3ca6b-6463-486a-b1a5-b1a54f2f6951,2018-08-16T00:00:00
276,8fd7d92d-8fcf-48bb-94d8-4399cc53555b,2019-09-03T00:00:00
277,bef2b5bb-4dc9-4029-a0cb-a5f546e55121,2019-10-07T00:00:00
278,54e9dc3a-cf00-4fc3-b3df-8508fca38b8a,2019-05-08T00:00:00
279,8d319e5c-444f-4d48-ab45-1b63b20d65be,2018-04-23T00:00:00
280,290ada9c-d4f3-440c-b3f5-81f1ce332011,2019-04-07T00:00:00
281,8c4c43d3-37cd-457a-bd0e-d79f062ba2c4,2018-09-11T00:00:00
282,03f44099-fee8-411a-a0b8-5c5fa8bc5cca,2019-06-07T00:00:00
283,1937f230-f0cf-4151-890f-b393d5c734ba,2019-05-02T00:00:00
284,f3e936e4-a89c-46c4-ac41-95f3000a3021,2018-06-16T00:00:00
285,0898f085-70bc-4d84-a6ee-de183700f30b,2020-09-08T00:00:00
286,4859e424-51a7-4661-8169-5e69c9f28fad,2019-12-22T00:00:00
287,4cd842f9-3967-495e-a6c9-83a968f9bcde,2020-04-27T00:00:00
288,b131ffc9-b580-4b47-b9d2-6427dcbde852,2018-09-11T00:00:00
289,2138a297-4c3f-497c-bdb7-1cd73964ae7e,2019-07-21T00:00:00
290,e5d7c830-cef5-4176-9305-e82d9a54d7c4,2020-08-14T00:00:00
291,ba29cee0-6a90-417c-af63-2bccb550042a,2018-04-21T00:00:00
292,165712ef-b080-4542-a892-4fc9ba4372cf,2018-04-26T00:00:00
293,eb211268-24c0-4646-9538-242465d966bf,2020-01-03T00:00:00
294,36c561d1-c0a8-4297-b89b-3949a24a4199,2020-05-12T00:00:00
295,d479a87d-89ec-4a76-b5d3-1a11a94a23f5,2018-09-17T00:00:00
296,b5f17614-8067-426f-9a0f-bd80fedd5966,2020-05-07T00:00:00
297,09691e2c-9e44-43db-b1d4-b81e860d1927,2019-10-31T00:00:00
298,a40f854b-a906-4693-a00a-33685c458ae3,2017-11-19T00:00:00
299,47fedd6e-4d7b-44a2-bed3-21459b866af7,2020-05-02T00:00:00
300,3e8986f2-e95f-4e9e-b0b1-915249a5a80a,2020-01-09T00:00:00
301,25e68319-a033-4f1a-9a17-5c65e4f24b7b,2017-11-11T00:00:00
302,2da29dab-1853-4d24-98fb-48c2c8f1da59,2019-09-06T00:00:00
303,915fa3be-9016-42d4-956e-81d26f112896,2018-01-24T00:00:00
304,22853e3d-c5b8-40ab-abc2-bf5b76cf4add,2019-10-04T00:00:00
305,5b53bc49-8665-4c5c-a41e-c891bd55eb0b,2019-04-22T00:00:00
306,6a8aa625-53b8-4059-9bbd-e5095ecd3629,2018-12-14T00:00:00
307,f5c9c936-bc90-47b7-aad7-b4d2841e725b,2018-04-26T00:00:00
308,f16c2d47-43ff-4232-b309-1021526584c1,2020-03-30T00:00:00
309,c64d5e67-f082-432d-a036-8f6fc1fcdffc,2018-05-06T00:00:00
310,774560b4-fe00-4547-b6f2-3359cc7588d6,2019-04-26T00:00:00
311,90c06dd9-a579-4559-955e-98410b562ff1,2019-04-04T00:00:00
312,9ce7222f-9487-42bc-b4ca-d2b380640a0e,2019-02-24T00:00:00
313,49953178-6060-4edd-b435-cd2ec4d145c3,2020-09-26T00:00:00
314,52adacd7-86b1-4044-bec7-46af50d4cd69,2020-01-25T00:00:00
315,17091d3c-f505-4868-a4f2-a2d4b1a8d1a1,2017-12-14T00:00:00
316,e1e966b9-cefe-47f8-9f74-c8b757595654,2018-09-20T00:00:00
317,00e98210-188e-483b-b355-6f885414e976,2019-11-10T00:00:00
318,999e0241-36ea-425a-b5e2-da769484c74b,2020-06-26T00:00:00
319,cbcfe022-5a73-496b-acaf-fbf1873fb804,2018-03-11T00:00:00
320,0ad8fa5d-d729-4845-8145-7c16645bddf4,2020-10-02T00:00:00
321,31c3b37c-9dc9-4b85-8c65-fbba6820ec32,2018-11-20T00:00:00
322,b4690afc-5304-413e-ac94-7614e62c1775,2020-07-04T00:00:00
323,4deef63c-8a07-4f0a-b4a7-391c01e89aaa,2020-06-14T00:00:00
324,86bacba1-91b3-4548-a6f5-cf8b36247d61,2018-05-05T00:00:00
325,f0bb3167-7aea-4c0a-8dbd-b4ae0110a514,2019-04-03T00:00:00
326,10a63b34-93f2-4142-ac18-993ed231b3f3,2019-06-25T00:00:00
327,86b83930-aeb4-43b2-84e5-98bf1af69c48,2019-03-12T00:00:00
328,9fef9695-5588-4a92-894a-b907e7d3cb70,2019-09-13T00:00:00
329,22c9bcca-c9bd-4644-97de-b0655dc92838,2018-10-07T00:00:00
330,3012963a-b706-4ba5-b25c-49359b36c740,2020-02-04T00:00:00
331,c023cd45-d378-441f-be20-151e86866419,2018-06-09T00:00:00
332,894c8b44-7e4c-4b7b-8038-e84932d9c38d,2020-04-19T00:00:00
333,17f51127-be33-49a2-985a-a5ada101fdb4,2020-05-02T00:00:00
334,b58e2719-679a-4116-9a3a-a59fb9620ba8,2019-12-27T00:00:00
335,c499cffe-61b1-4936-bdda-39fe6cd70ba2,2019-09-05T00:00:00
336,9174fa34-ea41-4986-b5d4-35464d1bc61f,2018-12-30T00:00:00
337,f04445aa-de7c-488d-b076-3544b2ec26c7,2020-10-05T00:00:00
338,6ca3257d-0998-4a5e-83d3-34b17589bede,2020-08-31T00:00:00
339,cc2ec4de-d849-4b36-8b83-2cafda7811cf,2020-10-16T00:00:00
340,ffd92efa-500f-47a3-888f-4299c6379243,2018-03-21T00:00:00
341,ec2f0f9e-8a72-4ccf-880b-c41e6e521bcc,2020-03-06T00:00:00
342,66501c2f-6232-4d59-9c94-8fd2d633aaf1,2017-12-26T00:00:00
343,b2fbd07f-53c7-4e23-9b1e-c995257a1850,2019-07-02T00:00:00
344,7ae42301-e909-479b-ad1a-cb41944bacdf,2019-10-06T00:00:00
345,b0332459-d7e1-4b04-9269-8b950725895e,2018-02-09T00:00:00
346,44df773d-ebe0-49f0-9c03-858177fa9e42,2019-11-17T00:00:00
347,0735ec5c-f5f6-4acf-8cb9-6920025dfe19,2019-06-12T00:00:00
348,6c8d2acd-d6d2-49c2-ba70-ee9caff37aaa,2018-12-16T00:00:00
349,575fef06-970f-49ed-a8ba-14d306f9f06f,2018-01-16T00:00:00
350,5df32679-9212-4e61-a6d4-e6cbb95a22ac,2020-09-25T00:00:00
351,53120ff6-d7b6-4d60-a477-40af74185138,2018-10-04T00:00:00
352,98eb0a53-dce8-4dce-a67c-0b9f6099b964,2019-08-15T00:00:00
353,3b3bde7a-dd80-4765-a784-52f45873c2fb,2019-09-04T00:00:00
354,298be2ae-935e-4e94-bf49-9e2c3708dea8,2019-09-04T00:00:00
355,890bd769-b814-4827-8d48-c4be32e06463,2018-09-16T00:00:00
356,affcae74-2efe-426b-b54f-e047443ccdbd,2020-04-09T00:00:00
357,2f237822-2eb7-4441-8a61-3b0edccbb32f,2020-10-21T00:00:00
358,23245ce1-5fde-420f-a970-3f2fa7c2fb62,2020-07-31T00:00:00
359,f21e387e-e0d2-454f-92d0-4f4cf174bbdf,2018-06-28T00:00:00
360,c01414c6-0890-4199-b767-e7e52591c152,2019-04-04T00:00:00
361,d4c6ab32-dffc-45dc-922a-a288054d3f29,2018-07-15T00:00:00
362,2207db5b-9e66-40fb-80f5-87ff445621bc,2019-02-17T00:00:00
363,95c2e9a4-b7e1-4099-8d65-7b2ec2b4565e,2018-03-17T00:00:00
364,1ce544cd-c9e0-4815-be6e-ebb8fb9f0146,2020-07-05T00:00:00
365,e7198e66-f6c7-4a5a-a351-6dcff42980c2,2018-03-25T00:00:00
366,1ef9d76e-d157-419d-9dc4-0ffade4237b4,2018-10-27T00:00:00
367,0b01fb4d-c15c-4764-9d4a-81744290c26c,2017-12-21T00:00:00
368,44050e38-314b-4618-8b99-c3b5d1ea97d1,2019-07-06T00:00:00
369,df6695dd-08ae-48a3-89df-fb9d916df172,2018-08-14T00:00:00
370,f7354192-0cf3-456b-b5b8-188841e544eb,2020-10-02T00:00:00
371,3d7e35df-76df-498f-bf0c-14a8fda5da5b,2019-07-11T00:00:00
372,6fa3fef9-9c97-41c9-b637-e5b41a1af732,2020-09-08T00:00:00
373,7a73112e-5e06-4e28-9fd2-d9e752fc18e5,2018-11-21T00:00:00
374,ae48ee7e-c539-43b8-9274-5d738389ad55,2020-04-26T00:00:00
375,1978c125-0217-46db-b4f5-a6ad15d0607d,2017-12-19T00:00:00
376,547d91d7-8a38-4802-8baa-21547c76eed0,2019-11-07T00:00:00
377,b52cc121-6c51-42e8-8957-65d98ed1a9cf,2017-12-18T00:00:00
378,bb37b8cc-2c12-4d35-a31e-aa9ee41efe70,2019-06-04T00:00:00
379,2e6ae1e1-1046-47cb-86f3-5df8c299a303,2018-05-03T00:00:00
380,20a835e3-0f5e-4298-91fd-853e68ff95a5,2018-06-28T00:00:00
381,85f9668a-00d9-43e2-87c0-59fb04cbef16,2019-12-15T00:00:00
382,1e567f82-a9a3-4e9a-88cd-ed52bf087d7f,2019-05-02T00:00:00
383,bc297139-a7ee-40c1-a156-980c9f610ad9,2019-02-06T00:00:00
384,2ecfc76d-86df-4ccb-be24-9e70f5d3bf5e,2020-10-05T00:00:00
385,fdfed5ec-35ba-46ae-9798-3e38b9a1cce7,2020-04-02T00:00:00
386,a7b2efea-fe1e-46bb-9a1d-89f36a77490b,2019-02-18T00:00:00
387,7ac1d36c-5cb5-4ddd-b3a6-df60831540c6,2018-10-03T00:00:00
388,e3db6d7a-7d03-456d-8bbf-3b55573d1e60,2019-07-14T00:00:00
389,833d40c8-fe36-4964-a3fe-ca48030e15ab,2019-07-23T00:00:00
390,dd73145d-e84a-426a-9986-6defd85ea026,2018-09-21T00:00:00
391,73821430-1185-4d55-86b5-29a6787a2b3f,2017-12-02T00:00:00
392,72e75cf6-8eec-4445-9003-e17b9ec1842e,2019-09-04T00:00:00
393,3e896fba-504d-4164-806d-384c2c70fd2d,2018-01-14T00:00:00
394,04122dfa-7900-4092-92b1-7c19316c8675,2019-03-09T00:00:00
395,d0125656-ae3a-4ab7-8361-4c1c59c197f8,2018-10-29T00:00:00
396,4eae4880-5df3-429f-b9b4-e5e84fedfb9e,2018-11-24T00:00:00
397,384fe565-8227-4032-8be3-1f9475f1c82e,2018-04-15T00:00:00
398,34197450-ef77-4bcd-86be-481c8e502642,2019-07-16T00:00:00
399,838806d1-3737-48ac-a5c7-9f31b00ce612,2020-03-05T00:00:00
400,839d9e56-4201-4db3-88a0-f944e6259be6,2018-07-06T00:00:00
401,0cb4783f-0543-4cdb-85f4-44dcf55c53dc,2018-03-06T00:00:00
402,ef141f20-ffe1-49d1-96ca-37e686a39999,2020-07-17T00:00:00
403,f0605195-1098-4f5e-9b28-9f669a02211d,2019-05-17T00:00:00
404,7dce2f3a-7a1d-489f-9bb6-c332286a4bc8,2018-02-03T00:00:00
405,8d6876ae-98ae-4c90-be74-923e48b8d3dc,2018-12-04T00:00:00
406,982dbd64-e374-4262-99b1-741d7c682dd2,2019-10-12T00:00:00
407,f1341528-dfd6-4596-ba24-cb2503ac2dcd,2018-01-24T00:00:00
408,f0aa612b-ae02-4d42-a0bb-e9ce881a706e,2018-02-11T00:00:00
409,13174067-f7ef-40f9-ab13-c13f769db761,2020-06-21T00:00:00
410,997931d6-c0d2-43cf-92f3-edb60e08673a,2019-02-03T00:00:00
411,514db076-d8e5-409e-8af8-f7a653de4add,2020-02-26T00:00:00
412,98a0d502-2373-448e-b08e-ed24b46708c5,2019-10-17T00:00:00
413,b11c6b8b-1490-422c-be09-f2a867b37989,2018-08-28T00:00:00
414,6d8f18cb-e81f-497a-8351-c48c2c5d92d6,2020-05-18T00:00:00
415,8bb958b3-1c49-4a8d-b6cb-6c76e538ddbc,2020-10-23T00:00:00
416,016a0793-2cba-4440-949f-f1486d508a1b,2019-08-15T00:00:00
417,742d99b4-e3a7-4798-aeb6-94209b700daa,2020-01-19T00:00:00
418,12117d23-0ed1-4e77-85ff-887db2c8a32b,2019-03-14T00:00:00
419,ee05cab8-190b-4d9f-8ff6-b72a09aaee7b,2020-04-24T00:00:00
420,4102d67c-8075-4690-a4f9-f6297a1fd3f8,2019-07-28T00:00:00
421,42bdbc59-917b-4c6a-8694-ef2fd2ea7f99,2018-04-06T00:00:00
422,2807b495-464b-4ec6-898f-2c940a5a9445,2020-03-21T00:00:00
423,f284a473-7c7c-4df8-b77c-7220f0dbb7fc,2020-01-15T00:00:00
424,999edfd6-b4d1-43d7-9667-82c7f356d701,2018-12-14T00:00:00
425,946df774-3584-47aa-a5c8-7d3326803e17,2018-03-08T00:00:00
426,6df2690e-b880-4905-a287-cefff381167f,2020-04-18T00:00:00
427,be20d4c9-6ad1-4773-93c8-78809fe6758d,2020-08-05T00:00:00
428,579eb708-3b51-416d-b643-812419d85aaf,2020-09-03T00:00:00
429,ee7aa0fd-7a26-4079-acae-ca5eb1ffbeb7,2019-04-29T00:00:00
430,4c16d46d-816f-4d23-9861-f59ab6522d92,2018-10-28T00:00:00
431,709037f2-ead8-4462-8081-3f9e66a9c5f4,2018-05-03T00:00:00
432,9703037e-37c8-422c-8828-20e2bbbea440,2020-02-06T00:00:00
433,e707fa1b-8bd0-4a8e-adec-3dc9db94575b,2018-03-22T00:00:00
434,2d5d6198-eff5-41ea-9323-99bfc747c6f0,2019-03-04T00:00:00
435,81db5819-49be-4c65-a4d7-1ad20903109e,2018-01-13T00:00:00
436,668717c1-7375-489c-b681-c812b467530c,2019-09-10T00:00:00
437,ae628716-23ff-4516-abd1-fdb7f9f5e4c3,2018-04-12T00:00:00
438,d356227e-3cad-4f01-8846-0877c8a94d4c,2019-02-20T00:00:00
439,8f5609bf-bde5-4c87-b95c-ef195e5f4362,2019-12-06T00:00:00
440,d36e1bf3-db39-49cc-aa12-8be86db742fc,2020-08-14T00:00:00
441,95006f25-6cc0-4df8-99c7-a6eedc096c28,2019-11-25T00:00:00
442,db8c4a67-4f43-42f4-a973-7d75637e31c3,2020-08-21T00:00:00
443,13ee0175-2b12-4965-a8d5-b43f3b46f8c5,2020-10-25T00:00:00
444,dc3b12d4-a463-4bd6-b101-54d907a5aec6,2018-01-14T00:00:00
445,72bf0064-8aca-439d-ad63-32dfcad15bc3,2019-01-24T00:00:00
446,e75ecc02-8758-48bf-816e-da9c7108daab,2019-11-03T00:00:00
447,8ced4da4-3be7-4813-bbcd-5bf272220fe7,2020-10-15T00:00:00
448,88b445d2-f680-4c8a-ae3d-ff656b8f47af,2018-08-27T00:00:00
449,cb77995c-4aa6-4b8f-a2b8-71d9c1603f7a,2019-05-15T00:00:00
450,a77c7e78-5d12-4b62-8caf-57ac224327f0,2020-07-31T00:00:00
451,8d845047-4d99-4181-bbc1-c06bb6598b02,2018-04-28T00:00:00
452,4ef64bb7-6835-4056-acdd-1c6a8737c53d,2020-10-09T00:00:00
453,74a572be-c188-4c10-b3d3-35985ad638fe,2018-10-27T00:00:00
454,c3794ed0-a5e2-4e6d-aa4b-f7418b970e3c,2020-10-11T00:00:00
455,8194bb7e-69bc-40b7-a481-9321cbff8844,2018-03-14T00:00:00
456,4ce601dd-6790-46b1-87f1-54c60a04eb64,2020-02-19T00:00:00
457,1783764c-4326-4904-bbf0-ce03e7e744fc,2018-12-27T00:00:00
458,35a72f97-36c7-4b6a-8caf-8e44d91de8f6,2018-03-05T00:00:00
459,478380e5-c960-46ef-8697-4d14821c4b4b,2018-10-26T00:00:00
460,72822512-cfec-4511-97d7-93e8a09d20d3,2018-10-03T00:00:00
461,16c76574-f2d2-472f-bb71-14e0ea27b341,2019-09-15T00:00:00
462,2e13eb0e-4aa7-41d9-908d-02166b3a423a,2018-12-03T00:00:00
463,c6842a24-e0b9-41b3-bd19-957685da8ce6,2018-10-18T00:00:00
464,d48a1105-bcad-4c69-81c3-a99d8dfb4418,2018-11-14T00:00:00
465,e213045b-ceb1-43c1-afa5-6ef310f33e9c,2019-02-07T00:00:00
466,940424ab-cc16-45d6-b55e-de7e3a8d35a7,2020-05-27T00:00:00
467,dd8e5387-757e-4e75-afc1-b749bf576ca8,2019-07-21T00:00:00
468,a8049abc-5db7-402a-b7eb-85418e2b9a44,2018-09-05T00:00:00
469,d1dd087a-2d94-433f-b11f-df269967fc78,2018-11-21T00:00:00
470,d45a641e-44ef-4196-bc5f-f832ae01eef0,2020-05-24T00:00:00
471,00fa5ebd-ab19-42d6-a76d-128e58daaf1e,2019-11-26T00:00:00
472,2dba7af3-1167-4e2b-85ea-35fc10957cdd,2019-10-15T00:00:00
473,6a58bd3d-8768-4d7f-a373-3503bfb39261,2018-11-15T00:00:00
474,d1b35762-6604-46a3-b6cf-a86d3cbfc194,2020-09-21T00:00:00
475,cac2b091-efb5-46c1-854d-cc7d69275e6b,2017-12-05T00:00:00
476,aa2070ee-c3bc-4898-91d2-7412a7b21807,2019-01-13T00:00:00
477,4362ad51-7b88-4948-95e9-4c4fd177f0ba,2020-10-08T00:00:00
478,1707bdff-f9c8-4919-9c6e-9feaa5524c9d,2018-06-12T00:00:00
479,4af30c26-3a0c-4451-8ac3-7219cb29d239,2018-12-28T00:00:00
480,e8b678cd-8b16-439c-a68a-45b2b59c04a9,2018-06-22T00:00:00
481,bf1e2ed9-1b92-42ea-ba2b-22829067a6ff,2018-08-26T00:00:00
482,e8ffe28a-c2d8-4996-a048-3d345d44b2dd,2018-03-14T00:00:00
483,559ea79a-1e1a-41e4-8755-4349a4fc1444,2018-09-07T00:00:00
484,4c36e7b4-f08a-4a78-8619-fb5a66455292,2018-04-14T00:00:00
485,282fff37-c0f8-4fea-b142-844e66c5c99d,2020-04-06T00:00:00
486,df8db487-54d7-417e-a564-a506f3eabb42,2020-06-02T00:00:00
487,1651abbb-9d1a-4304-bcc3-0faede3a1e90,2019-01-06T00:00:00
488,8b80f9be-6785-47e4-8f14-6e738595b6cb,2020-02-09T00:00:00
489,0c51111c-795e-4207-9038-d9a2efe88aa2,2019-01-31T00:00:00
490,c5c0db1e-f58a-4ea2-92a9-d2047ab9ffa9,2019-11-15T00:00:00
491,daba8ebb-001e-44e6-af8e-a2d21d15c66d,2017-11-11T00:00:00
492,bc0a8174-834f-406c-85f9-861b77a907f1,2019-07-25T00:00:00
493,8c0c5d1b-f84d-4f02-bf71-3e312d2e8acc,2018-12-08T00:00:00
494,5b5b7251-4ce2-4c74-af39-5013fb1beaea,2018-02-25T00:00:00
495,938f9189-50b0-4a78-8d35-ff5adb2ad8da,2018-11-18T00:00:00
496,58a72c8d-fc4c-49e7-a84f-103396b55788,2020-08-13T00:00:00
497,9cec1121-be81-4ac3-bfbf-a106c5fd98c0,2020-07-22T00:00:00
498,0c5ea96d-6ccb-4d4a-8120-5d115db26e10,2020-09-28T00:00:00
499,f62994b0-c3a4-4929-910c-59ddb60c4019,2019-12-20T00:00:00
500,a1aa6d3b-ec1d-45fb-b8be-65d99bcf3e90,2020-06-23T00:00:00
501,a2212734-7f58-4c3c-bc39-336602ebed1b,2018-05-25T00:00:00
502,d458f75e-993b-4738-a1a6-09f04528c635,2019-05-25T00:00:00
503,413a6291-7f99-45e2-8259-48d860b6d9ec,2020-06-30T00:00:00
504,9a70e8c4-1727-40c4-b760-1d05a7c0224b,2019-02-09T00:00:00
505,05296206-26a0-4291-8ead-2fdfed9d2526,2018-01-26T00:00:00
506,4161c61a-d629-4e9e-a139-1ca7279b5593,2019-06-19T00:00:00
507,ce05bcd3-d96a-4300-833e-fa902ea73bb2,2020-10-18T00:00:00
508,94ec242a-da81-4232-8973-126e5ce262e8,2020-10-19T00:00:00
509,df0877db-6d9e-4e31-898c-42c90709b00e,2018-04-08T00:00:00
510,8dd25c16-6cc7-408b-b9a2-ff8d72a4859e,2018-12-11T00:00:00
511,87d6cd91-28b4-4ffc-8384-e732fd877194,2019-06-20T00:00:00
512,937e5d3e-aaf3-4cdb-a269-13e0eb6dde55,2018-10-20T00:00:00
513,2b43fa4a-bc67-42f4-abb0-cc1388cf9564,2017-11-25T00:00:00
514,938bf2ce-4ba5-4ec0-b391-d2f80a1db531,2020-01-24T00:00:00
515,2ed9108a-0b29-4e94-a22c-8c5b5086b645,2020-02-06T00:00:00
516,7c3b1ffb-761f-422d-bada-9e0fdff29cf2,2019-02-02T00:00:00
517,3fe4d611-2195-4782-b7fb-77897117f200,2019-09-11T00:00:00
518,a00e4654-1959-4dbb-8322-2ff1d2ac7daa,2019-08-09T00:00:00
519,9642d779-c991-4afd-a5a1-9afafcc40637,2018-12-03T00:00:00
520,be4c657a-3327-4cab-a7f2-49936b7c3297,2018-11-14T00:00:00
521,2ed26c1b-7c74-4f75-9e67-941c76801028,2020-01-03T00:00:00
522,b47eefa0-0ddd-4adf-94ba-e62d6a552c01,2019-01-21T00:00:00
523,08747151-0246-4421-bb5e-3b9e5432e590,2020-10-23T00:00:00
524,281429f4-6a74-4f94-9d45-cab5a5449851,2018-11-02T00:00:00
525,2ffb9702-b8e3-4e34-a5d7-79ae6920d020,2020-01-07T00:00:00
526,2ee18b2f-b93b-4d75-b035-2420f16cd871,2018-07-13T00:00:00
527,e76d66e8-5bc4-42b4-835b-b2ee16723f12,2019-03-14T00:00:00
528,6c7d39ac-74e5-46a2-b926-20b483e55c92,2019-05-03T00:00:00
529,f015dbda-0bbc-4c9c-9279-ac29f6042b4b,2020-08-22T00:00:00
530,ba41ab05-f47c-496f-9b54-72df203096d3,2019-05-20T00:00:00
531,134edaa9-772a-4dcf-ac18-8438a13fbe42,2018-01-26T00:00:00
532,de7492f4-a717-474e-bdab-411938fb1d6f,2018-02-01T00:00:00
533,e7dc4c28-c0c0-4ae8-abca-4bd90621339c,2019-01-10T00:00:00
534,99ec16a6-0da1-42ff-935f-0128e3d8850b,2020-10-19T00:00:00
535,d32621f7-6248-49e2-aef2-a25efe13b070,2018-03-30T00:00:00
536,451b3051-c86e-47eb-9b57-13c785488538,2020-10-20T00:00:00
537,e99cf273-74fc-48c2-bf16-f8be32c9c612,2019-10-28T00:00:00
538,0b87a975-cf92-44ed-b78f-0a75ab49c544,2020-04-15T00:00:00
539,95d02dfb-f67d-4aac-9af8-a058903b04ab,2018-05-18T00:00:00
540,ccc2bec9-f6cc-468a-a714-ce27abf937f9,2017-12-26T00:00:00
541,9d66c04b-2e94-4b40-892d-e81abf62ea98,2019-04-06T00:00:00
542,e8d2a0ef-27ab-4724-91b1-e1f3174f9026,2020-03-06T00:00:00
543,ec0165ee-6aca-43bd-b652-a68574490889,2020-07-22T00:00:00
544,3d777010-926e-4bd3-9bfa-bda24db0a413,2018-12-03T00:00:00
545,ff478829-296d-48e8-a652-dc75a6369c8b,2018-02-04T00:00:00
546,c6371c5e-eb83-45bb-8b70-ee99f5f924c4,2017-12-15T00:00:00
547,10e1ad64-ad82-4468-b3a7-044424c32c92,2019-04-19T00:00:00
548,01b37ffb-c20e-45e3-affa-212f1d9a8292,2020-06-14T00:00:00
549,8c5ae607-78cb-4efb-81ed-838d24626d1e,2018-03-09T00:00:00
550,e1b69dde-904f-4a06-b81d-bf4e72eb930c,2018-10-28T00:00:00
551,de57756c-9e75-4945-a341-901ed1bd667c,2017-11-17T00:00:00
552,b8b02a9c-76f1-4ccb-8c3a-e4b7f3c20709,2017-11-21T00:00:00
553,62246328-4a0a-49df-810b-d34f50666b38,2019-12-21T00:00:00
554,f9b9fa08-040e-4413-b924-e483581d98f1,2019-02-23T00:00:00
555,a4b8ea6b-7f8c-4599-9309-76ffecfb2f07,2020-08-23T00:00:00
556,e47f184d-b753-417b-a6de-2342c978fd6b,2020-08-28T00:00:00
557,cec3155d-71c7-4e56-b6c7-c07687b14340,2018-06-10T00:00:00
558,95821a01-15a8-487e-b874-35560081fd59,2020-03-11T00:00:00
559,5ceec49d-30cb-4ae4-b621-9a3760d016ba,2020-01-12T00:00:00
560,ffa74a09-2a71-4349-bd2f-7b9aaf802a9b,2018-06-29T00:00:00
561,e4ab60a1-058f-4c1c-8eaa-05a11157587b,2018-05-27T00:00:00
562,689b02d6-e675-4bdd-977c-4469963a3971,2019-10-18T00:00:00
563,a43e7d01-13bf-44f9-acce-e349ccb144b6,2017-11-22T00:00:00
564,3bbbd899-acc2-44e5-a39e-bf810f9e28fb,2018-02-17T00:00:00
565,06c11f89-7c82-4b54-9e9c-9d59dffa9616,2019-09-09T00:00:00
566,55df75d9-1bd0-4a3a-8f49-4774b47beed2,2020-04-04T00:00:00
567,1e314209-c7a8-49d1-8886-ef785aca34a2,2020-08-24T00:00:00
568,ce6a7d55-faa9-455b-a19b-dc00b27dadcd,2018-08-23T00:00:00
569,91619256-727c-4ac6-8b2d-99a2e40ac577,2018-10-05T00:00:00
570,34e9e632-372d-4cd8-a169-a85ef043eede,2019-09-07T00:00:00
571,cb04d980-1af4-400f-abe8-1d2340ce313b,2019-10-01T00:00:00
572,5adf4607-bce8-4d37-9eec-9abdd9c06fdf,2020-06-08T00:00:00
573,09fb2671-f81c-44a4-a6fe-8f7941927b55,2020-08-27T00:00:00
574,a8dd54ee-6176-42bc-ad52-d68ca059ea32,2018-09-16T00:00:00
575,0ece564e-6cc2-40d6-aec1-ec69c190d2c5,2018-04-28T00:00:00
576,86d69fc1-31ed-4859-8086-d0741b56542a,2018-03-02T00:00:00
577,8b960644-9d81-4d12-bd6f-e4329f76b5ba,2017-11-23T00:00:00
578,33d2f6ee-2c05-49d5-b64c-de6e3a938cfd,2018-06-07T00:00:00
579,60824eb0-fdd0-4129-9937-4d8c2f01f283,2018-01-17T00:00:00
580,5579788a-78d1-4b5a-bf38-f1b153f71d42,2018-01-01T00:00:00
581,4a567a51-9a75-4a64-b6dc-5e3d16a30520,2019-03-24T00:00:00
582,a88e2918-20f0-4e49-be17-e5e6a307f112,2019-03-14T00:00:00
583,60e9aba0-f6da-47d0-a90b-24576a1400ed,2018-03-24T00:00:00
584,d0542702-2f38-4b80-b5f1-630bc7b99b98,2018-05-26T00:00:00
585,a413658a-e638-46c6-8cb0-2beb9e3dab7e,2019-02-27T00:00:00
586,2e43cd4d-2ba7-4902-af3a-6294dc22682e,2018-11-02T00:00:00
587,4eb6ec87-a468-48a3-9d39-5519f38bc5a0,2018-10-06T00:00:00
588,3fc530dc-b1a9-4158-82c3-e30b3746f962,2019-10-28T00:00:00
589,21e71489-b0cb-413f-b184-7051e0625af0,2018-05-09T00:00:00
590,7488b4ce-e53b-449c-b49c-e7060e21aa33,2018-06-10T00:00:00
591,49d3746a-22cc-4044-b6cc-d3e2dcdee6c0,2019-03-11T00:00:00
592,0b407d8b-4932-4c71-a7a1-12fae53bfa66,2017-12-21T00:00:00
593,925f1e3c-e626-4b1c-bbbd-5c44fcd33005,2020-07-06T00:00:00
594,2ad9af3b-b409-4d12-9ff1-905772a9a70c,2018-03-25T00:00:00
595,90620e19-1bf0-4bb7-970b-ca795d8152b3,2020-02-14T00:00:00
596,56fed26d-85ae-45ef-b0cd-deb86d2a2d59,2019-04-09T00:00:00
597,bf648f9c-7946-42f4-8b6c-b38ceaf82f6d,2017-11-11T00:00:00
598,024f6aaa-f65d-413b-b31f-29cf4d7f05ef,2020-07-11T00:00:00
599,c673f00f-2d66-4ef3-a04c-89db232dff2c,2018-01-25T00:00:00
600,316f8462-74a8-4699-8447-f9b1f6be1b4a,2019-08-21T00:00:00
601,ea566af1-3de4-46b7-9f70-b2a253e6c4c6,2019-10-25T00:00:00
602,fde8e8ae-3519-4ff1-a3c7-463196e20987,2019-08-22T00:00:00
603,46eb1916-c027-4efe-9bcd-0b401df92f37,2020-02-06T00:00:00
604,9da70130-4681-46f2-9920-f2fe0c8fd728,2018-04-07T00:00:00
605,7ecbb683-6718-4d32-a256-0fb2015cfd44,2019-03-20T00:00:00
606,016b298c-e097-4c5e-bc6d-d963099d9f43,2019-05-29T00:00:00
607,54f3a907-b6a6-4a29-ba3a-7067cb2bdeda,2019-09-21T00:00:00
608,ef318676-1575-4aab-871c-54111346e0b4,2019-05-22T00:00:00
609,07419ca0-b3d8-43ba-b75b-5ffa2e9b1f25,2018-03-09T00:00:00
610,622be812-2d5b-43b8-a384-d0a059ceef99,2020-01-03T00:00:00
611,32e088d8-e492-471d-b622-8a5bf6bcba1e,2020-02-24T00:00:00
612,7c0d9a84-f49d-4656-9dc8-219ef83e8594,2019-06-22T00:00:00
613,8c7b672d-0c0d-4d7e-abf2-4d04062fbd80,2018-04-13T00:00:00
614,db0c36f4-ab02-488d-bb0f-4113c0f339b7,2018-06-09T00:00:00
615,50df4d76-1ff5-4232-bfab-406b3e8e6e0e,2018-11-01T00:00:00
616,8f0de043-7452-4c06-8c14-f390662d7f10,2019-04-28T00:00:00
617,3605df30-f6c9-47ca-9c68-2c0c2abe0c06,2018-12-14T00:00:00
618,cdbf08e7-b33c-4b81-ae3e-65dc1afe3a81,2020-08-01T00:00:00
619,0d1feae1-2cc4-4fe3-9adc-c4869fe83cce,2018-03-28T00:00:00
620,0a3d1967-2f64-45c3-a903-c86390df9285,2019-01-15T00:00:00
621,54d2ac4a-5cd0-4ed8-b90e-437a5c7aff11,2019-06-26T00:00:00
622,45a286ff-d9db-48b3-bf91-9249c6611618,2020-11-07T00:00:00
623,925849e1-0ca3-4801-aace-1766355e8720,2018-12-29T00:00:00
624,f3c4b934-bda8-40cb-873f-59ed3fee91dc,2018-05-15T00:00:00
625,2cffe5fc-2dc2-4720-9cf3-cf8857b3fdb0,2019-12-12T00:00:00
626,d660e46b-abd9-475c-908f-d9bdb64030a8,2019-03-20T00:00:00
627,0781d051-56ae-44bc-8e31-0d22a2f424e7,2020-06-24T00:00:00
628,0fa5eb1b-5523-4631-95af-88917aa298c0,2020-06-09T00:00:00
629,48367ee8-1d0c-4ac7-90b9-1848787da114,2018-08-31T00:00:00
630,a5bba928-f01d-409d-837f-fd9f7128eb71,2018-06-21T00:00:00
631,19ee542d-157f-4d77-9da0-2d576775e925,2020-03-30T00:00:00
632,d3963fb0-470d-4f8a-802d-c402e76ed1ec,2019-08-12T00:00:00
633,7b1f97c8-0811-4142-9cf7-d612b79e826a,2019-01-14T00:00:00
634,d70d8794-dc49-4d37-8ee2-75305e85745f,2018-09-06T00:00:00
635,04b69da8-3be1-4388-825c-11991340faa1,2018-09-22T00:00:00
636,f1db6528-9af8-45f2-bce2-312e83e1d23a,2018-12-18T00:00:00
637,c0e4e4ba-9697-433b-9dec-85bcae2c4d4f,2018-10-13T00:00:00
638,539381e5-86b9-4282-bc09-5b561dd5b450,2020-06-08T00:00:00
639,405330b2-3534-452a-82d3-e4c3b3f8e016,2020-02-12T00:00:00
640,f4c1d819-1ee3-4bf6-b966-1b2d9f26d1d1,2020-05-28T00:00:00
641,c2c63ebf-6608-489a-98f1-dc5423824b9f,2020-08-28T00:00:00
642,1508c375-5e31-4fb5-be47-1ea93107bdce,2020-08-16T00:00:00
643,fb8f2931-3aa8-4311-a058-5dfe52eacf55,2020-02-26T00:00:00
644,febc3420-c99d-4745-8ba6-d21eac707259,2019-03-13T00:00:00
645,4a17b2ce-f345-43a6-a21f-4d9e83ca49fc,2018-03-25T00:00:00
646,879e5773-d668-4436-a7f2-8a5984fddaff,2018-05-22T00:00:00
647,f860887b-7c87-4b36-aa81-ac340c59d208,2020-04-07T00:00:00
648,7abb5876-2baf-4060-a023-a373978504b8,2018-05-02T00:00:00
649,6c26ed8b-3740-4f63-adf4-2f5bf5a4bc2a,2019-08-22T00:00:00
650,45ed5d61-0b4e-4ed6-bd0d-8a381bf51e78,2018-08-06T00:00:00
651,2d05d272-e7a0-4e74-9259-978903372433,2020-03-12T00:00:00
652,1c2d837d-6409-4dec-8d12-cf96c045f428,2019-10-11T00:00:00
653,9a340fbe-0ed0-413b-a57d-b5b4f15ab554,2020-03-02T00:00:00
654,15b006b7-2960-49c8-865a-606fb0869adf,2019-10-19T00:00:00
655,c3bde8dd-8d1c-4035-9482-011563719dcc,2020-08-05T00:00:00
656,1c225cc1-9c32-415f-bb58-aea47cd30b75,2018-06-02T00:00:00
657,55b80630-3393-4f58-bcef-15088330255d,2020-05-09T00:00:00
658,604cd59e-2bb9-4dc3-bf4d-d88e0bb7a8f5,2020-01-11T00:00:00
659,8960cc61-3014-400e-a1a4-8e4f7fb21f8a,2019-09-18T00:00:00
660,f85f2cc7-47fd-4317-8645-8eb0fe26a37a,2018-05-25T00:00:00
661,b6fe32aa-e3b7-4535-b690-a00a16141396,2020-10-01T00:00:00
662,7467d80c-7740-4d1f-8868-8ad732ac7555,2017-11-30T00:00:00
663,47059e61-c5ba-432d-ad9e-4d487717c1ba,2020-02-02T00:00:00
664,47661785-acf5-4bca-bd16-e82b8a4c7ea1,2018-12-09T00:00:00
665,2b5cec5b-a85c-44ec-a84d-b66571b79fc8,2018-08-02T00:00:00
666,dd02a353-2ad0-4b2a-b6b9-b587b102d848,2020-06-11T00:00:00
667,f7a78e03-bb8e-41d9-ad01-0180ab1adaca,2019-10-29T00:00:00
668,e5e615f5-32a2-40e1-9824-1058fc897361,2019-09-24T00:00:00
669,eaf022d1-699b-4b7f-a8d2-f04ece2d8249,2018-12-29T00:00:00
670,d72cc848-4773-4949-9b91-cada5aeae056,2017-11-19T00:00:00
671,b4725e03-8997-464e-b383-43b8d13fa996,2018-10-11T00:00:00
672,5c20f51b-12ce-449c-adc0-d277b4a8d2ab,2019-10-24T00:00:00
673,fc2b6ac2-72a1-4b71-9bbf-81ca9d53cafc,2020-03-25T00:00:00
674,ec92085d-2f65-411f-8f6b-f32ef9e7559a,2020-10-17T00:00:00
675,b41b48f8-6669-4261-8a65-d7f73295da83,2019-09-21T00:00:00
676,a126b9d5-77a3-45e9-bb55-98de731f9271,2019-09-22T00:00:00
677,0e955f6b-adb7-4b45-bcfa-062daafc3a0e,2020-08-11T00:00:00
678,2dad8cee-7aa4-4509-9ada-44f7b70b0304,2018-09-23T00:00:00
679,99fcbaa8-e9de-4720-b786-a5f09d4b6dba,2017-11-14T00:00:00
680,6b4a957d-f60e-4aad-af1e-8e0f9ba42aa7,2020-05-06T00:00:00
681,b083c387-fb31-4830-aba9-d4030a03305b,2020-10-04T00:00:00
682,65bf6737-be16-4888-960f-fb744a536e01,2018-07-31T00:00:00
683,c9e6b350-374e-45be-b556-dd8160438247,2020-02-14T00:00:00
684,44d48f76-7c62-4c6f-846a-f97b39bab5ba,2020-03-29T00:00:00
685,1e59fac6-93f4-4073-9175-735b6035f704,2020-09-06T00:00:00
686,f247817c-94c5-4f33-af09-a58241e60a40,2019-08-30T00:00:00
687,f2b4fe19-200c-436c-9ed2-9cbc443c7b6b,2018-09-27T00:00:00
688,5d5b7c99-7753-4f8c-b12e-4da49c5a17a7,2019-05-09T00:00:00
689,e66efcbe-aa7a-4d30-bf06-5a1d24076283,2019-04-18T00:00:00
690,0efc4d76-cdf3-4ce4-aa77-e111e36d0f79,2018-03-29T00:00:00
691,7792bfb2-cc88-4bf3-8a40-df4015fce135,2018-05-08T00:00:00
692,0337da66-ab42-413b-8dca-d82e4941a419,2020-03-27T00:00:00
693,ea2a8a2e-b3d2-47b5-ac78-0d733e917b14,2018-08-16T00:00:00
694,fcabd305-c1fc-43e2-9573-b58def468b55,2019-09-21T00:00:00
695,13747937-41a0-4d5b-8c29-342a031af4b2,2019-05-23T00:00:00
696,240b771e-3c7d-49fa-b7f0-3e66e1f9d4af,2020-01-19T00:00:00
697,7a35c32e-468c-4ccb-a4be-29cc5828b210,2018-02-01T00:00:00
698,c164ce6b-fa19-43a4-b7d0-c64c72e174b4,2019-12-10T00:00:00
699,165c1836-cea6-488b-97d3-f96dca3a0399,2019-10-18T00:00:00
700,0c9ddac5-98c6-4ebf-8ce2-1d3a1a452e72,2018-05-30T00:00:00
701,12883f3e-e820-4d79-993e-a65a5c2dbfe6,2017-12-20T00:00:00
702,7dba44d3-8771-4c3c-94a0-c0f4b847cd7b,2018-05-14T00:00:00
703,2c9f079d-b1ac-431b-89d7-3e9658f39842,2018-09-30T00:00:00
704,2e08c7e6-422f-4d1a-8585-077e5ce1c62f,2020-09-27T00:00:00
705,12950377-7db1-4ce3-bf4d-d4387d73d8c3,2019-01-22T00:00:00
706,1db097b2-53c7-4e2e-b5fe-809963158bb6,2020-01-29T00:00:00
707,b8fe5f13-a1b1-4a10-8af0-9b0b29e15292,2020-02-14T00:00:00
708,5101843e-f020-4596-af1e-5bd8c949d5ea,2020-04-29T00:00:00
709,bcdc9358-69fd-4c76-b2de-a0386da0e69c,2020-07-08T00:00:00
710,a39ea3d4-0082-4b95-8dd3-d394f4910682,2018-01-05T00:00:00
711,7d1089d1-c1eb-4432-bbec-c6dc126b0816,2018-03-26T00:00:00
712,815811fe-cd29-48cc-b791-47c1948751e8,2020-01-11T00:00:00
713,b48c37dc-2c34-46da-aaa0-5a77ae86ea16,2018-10-14T00:00:00
714,a96e0455-42b9-4b12-a9da-cfa9036a6af2,2019-03-05T00:00:00
715,87913ebb-9af0-4d0a-9c6f-2f828d7339b5,2020-10-01T00:00:00
716,66980bc1-66ff-4be9-ae25-c235914646b6,2018-10-02T00:00:00
717,ae1aa2eb-0fb0-4a1b-8984-b297cfba88b0,2019-08-26T00:00:00
718,4ea47fa5-2286-4b20-93ba-64a0f2ecedd5,2018-02-11T00:00:00
719,7f7690be-1125-431d-a6e7-37a2ce616dee,2018-10-04T00:00:00
720,eca0bfba-7b07-430e-abab-a977448e9c76,2020-09-11T00:00:00
721,ff6f8580-5a6c-4af7-8458-0a5033e00b5d,2018-04-07T00:00:00
722,95b87643-427b-49e3-82ed-8f46b1de7c8f,2019-11-16T00:00:00
723,c5b21b6e-d32d-4c3f-b423-d82309b5a027,2020-05-23T00:00:00
724,07686130-5e48-4197-9471-1d3c3438579e,2020-06-29T00:00:00
725,8fd0d7c5-1d8a-4865-bee2-849ae4b07b09,2019-02-10T00:00:00
726,dc99be96-4f0d-44fa-bcbb-e17b82bc20d8,2018-10-25T00:00:00
727,7b69fcfb-8d73-49d8-8a81-d887c56b57c8,2019-07-17T00:00:00
728,5e6268e5-6622-4e15-a6cb-5bd1c37e5fad,2018-09-20T00:00:00
729,49dc29af-2c33-44dc-a4f3-1f0d8e575e27,2020-09-11T00:00:00
730,d344f229-81f8-4515-aa0a-fd6e6e0ddffb,2019-09-20T00:00:00
731,e65c0739-7e29-407a-8757-b8c8cb64ced8,2018-02-20T00:00:00
732,6fb1ad3d-8afd-461c-9f05-7704c0f0cad7,2019-06-28T00:00:00
733,3ba3330e-109e-4c5f-b4b6-7fe0e64d9534,2018-04-30T00:00:00
734,2c81389f-9c7f-4f6e-a31d-3349bae5060e,2019-11-28T00:00:00
735,1682ce2a-1fe7-447c-8202-f6e7f899802c,2017-12-19T00:00:00
736,6945d2c1-17b0-47a0-a965-6c09a44ed01a,2020-01-10T00:00:00
737,278adae0-7f8e-4abe-805d-13d5d1efd6d6,2018-12-21T00:00:00
738,6230b3d7-8799-483c-b753-0a8dd7b996d5,2020-02-06T00:00:00
739,5ba719e8-2b00-4b0c-ba60-51ad48e224f6,2019-08-04T00:00:00
740,4e30282e-0b60-4a0e-abe2-4e80db66ec57,2020-07-28T00:00:00
741,97fb1205-e2fe-47cb-b190-466e919d0812,2018-10-20T00:00:00
742,7f4666e4-f79f-45ab-8866-bddb8b73e41f,2017-12-07T00:00:00
743,a6dc2f3f-9a1c-4ecf-8698-3aaa31147b59,2018-12-10T00:00:00
744,531e50fd-a55c-4595-8991-fd70291454af,2019-06-26T00:00:00
745,2ec8ced9-a593-4907-b44b-d8eb09ff926d,2019-09-23T00:00:00
746,abfffeca-ad9d-47df-8b11-58e800a82bc6,2020-04-06T00:00:00
747,8e5fd8ac-cd3b-428d-ab8f-41e88d2cfa37,2020-04-11T00:00:00
748,8db85fab-4ddf-41fb-80eb-c2623dccb20a,2019-06-01T00:00:00
749,b292f917-2868-4c91-830a-0f3ada31f372,2020-11-03T00:00:00
750,961a0c89-2206-49e1-9b05-39d9bf944aaf,2018-04-09T00:00:00
751,ba551dc3-414b-410f-845d-03f0d55418a7,2020-03-16T00:00:00
752,bb08d9c5-5247-453c-9d68-c445b40316e1,2019-09-05T00:00:00
753,c08738a9-0330-41c0-9150-ea537c7ac014,2017-12-29T00:00:00
754,86cf699a-3e05-4ea3-998e-d95d54664668,2019-09-30T00:00:00
755,37118061-f998-4e98-b139-ff275b239571,2019-07-02T00:00:00
756,34d68976-b699-4a03-9851-3e63c05f87fb,2019-07-19T00:00:00
757,b64e040a-ef80-4460-ae01-0d44c3c51e60,2018-08-22T00:00:00
758,64558d8a-4c41-4f6a-88e7-fff5f90d03dd,2020-05-28T00:00:00
759,143728c6-2bb0-46e1-90e5-77628d903836,2020-02-05T00:00:00
760,2c94c8dc-f3e8-4ec4-9c7b-5f718bdda8c9,2020-08-28T00:00:00
761,f6b875fe-acae-4122-a5ce-ac2de8c626b4,2019-10-27T00:00:00
762,6d68ebff-6637-4f3b-9d7b-f7337445731e,2019-03-12T00:00:00
763,7fc7d7c9-8c51-47ed-ba07-39faba94d0a1,2019-04-03T00:00:00
764,716ed546-a018-45f6-947c-fc6357293f0a,2018-03-25T00:00:00
765,ab30dd58-865d-4a68-af35-21fc5ad8db01,2018-08-09T00:00:00
766,0fa80f5a-1572-4d0a-a201-e66a08b00f6d,2018-12-25T00:00:00
767,938f9373-3433-4459-a143-e3bacbfa7e72,2018-09-18T00:00:00
768,6452edcf-65fc-48d7-a6aa-9b54ca5529ae,2019-04-29T00:00:00
769,b60bbae4-32e4-4a6c-92b6-f9be300745b7,2019-09-02T00:00:00
770,376814d7-6d87-4a8e-bb34-199bdbb65ce3,2018-02-07T00:00:00
771,bf64e641-b8c9-4df9-86cb-c6f102922457,2019-07-28T00:00:00
772,5b9b2e24-e2a0-49b5-8d03-d93d31109ab0,2019-12-31T00:00:00
773,e353cac3-039e-4ce7-9277-2fe5809b8abf,2020-06-14T00:00:00
774,27cadad8-d5c8-4b54-b647-cd32e8918e17,2020-09-25T00:00:00
775,e4273d78-5d65-4767-a820-4e9eb5e0fa75,2019-11-11T00:00:00
776,1242e72f-2b2f-4374-85d3-4cff8e780a79,2019-07-21T00:00:00
777,14d39c87-4921-437e-a44c-c808c328f4f6,2018-03-09T00:00:00
778,5e15209d-3acd-4100-9b55-9b741f8b3968,2020-02-13T00:00:00
779,731c2b33-495c-41f8-9fab-54d766d1081c,2020-09-19T00:00:00
780,cb729aa4-ebc9-4298-be31-9f0b6876980e,2017-12-30T00:00:00
781,14de2106-b380-42c0-862f-da3bc84cdad3,2018-10-11T00:00:00
782,fbf0de8f-d77b-4bff-ba08-c2d76d0d0ce9,2019-09-20T00:00:00
783,d6cbc34d-eb02-4b0b-b557-6fd64a5a09bb,2019-07-18T00:00:00
784,f3d8d5fa-0bde-4c12-ac95-baf4231a1133,2019-02-03T00:00:00
785,20bfbc41-9fe7-4f30-93e9-ff0f45ed76d0,2020-02-17T00:00:00
786,5d0c41ef-84c0-487b-a62a-bd8d25946d94,2019-03-23T00:00:00
787,9f0529bf-8e13-429a-bfae-6a0284880807,2018-01-13T00:00:00
788,513bbc0f-48b2-4f82-9284-ea5cd591ed71,2018-08-16T00:00:00
789,11d86727-ebee-469f-8f29-ccdd49949a6d,2018-12-20T00:00:00
790,1228237e-25cf-4712-be5a-6e316942b9fe,2019-05-19T00:00:00
791,e8b275e3-4d67-4ecc-af7e-0e7d2a69163f,2018-04-07T00:00:00
792,93605869-5fc2-4c00-859e-2f1bdc105238,2020-04-07T00:00:00
793,f548c66b-c8dc-42a8-a9a3-892f10f988eb,2020-10-15T00:00:00
794,2812c7c7-5004-4f15-bba6-5e6fbb95ecc4,2018-02-24T00:00:00
795,075e0741-fb81-40d5-b2db-0ecdcf438c41,2020-01-15T00:00:00
796,d03d1b9f-b5af-4711-a53d-65101e897b1d,2019-10-22T00:00:00
797,f1f508a2-54a3-4d10-89b2-c72ece055e59,2018-03-06T00:00:00
798,f409a4a1-e878-4db1-8573-3c7ee4e0e83a,2019-05-12T00:00:00
799,e2dcf135-f587-426e-88f1-e148e100085c,2020-01-11T00:00:00
800,308995df-88bd-468d-94ac-5098bd28dc88,2019-07-22T00:00:00
801,9a795701-31ad-453f-9519-edf9c0b29576,2019-06-23T00:00:00
802,b5e18c3a-92b2-4ccb-a930-8bdcdffd35e8,2020-08-19T00:00:00
803,5240e941-d87f-4df7-880a-c4e93323f520,2020-01-11T00:00:00
804,05f8f328-70cc-40e8-9787-a38e63540832,2020-11-09T00:00:00
805,a0ce1e6a-8244-4ccd-9c1f-addcb04ce41c,2018-08-30T00:00:00
806,f6a09ce6-6a57-4aa3-bd56-064ee33dffba,2019-01-21T00:00:00
807,c17fbb27-c476-4605-8b7a-f7c66e848732,2019-12-01T00:00:00
808,6adbc500-4da5-48b3-857c-f0102d8976e6,2018-09-05T00:00:00
809,a2a1a5dc-d208-484e-add0-b4ee1f7bb28d,2019-10-12T00:00:00
810,43f1719f-4130-450e-9257-cc94d4043ed7,2020-02-22T00:00:00
811,0098a8d9-169b-48ad-85b8-e2d20126cd1d,2019-03-26T00:00:00
812,61f981dc-de86-4618-a85b-a97972ae5b61,2018-05-14T00:00:00
813,53d32a11-e031-42c1-af6c-2ba9df71f5a7,2020-08-29T00:00:00
814,15c9a4f0-3094-4618-a586-738a7d341a79,2020-08-28T00:00:00
815,3f591eb3-bc1e-45fc-bbda-bb0347a2d1aa,2020-08-23T00:00:00
816,980f71da-1075-4b50-90e9-973526ac9c31,2019-05-12T00:00:00
817,aa7a7762-ac91-4940-ab47-6282a4ca11ec,2018-06-05T00:00:00
818,b4b19cf6-52ee-4abe-a9da-7bc97aa7e98c,2018-04-29T00:00:00
819,abce2963-191d-49db-91bf-030f7237f9ab,2019-09-16T00:00:00
820,6ca0f3e6-150a-4efd-847a-0459e73478d2,2020-05-18T00:00:00
821,b69f0cc1-c2d8-4e02-99da-c9038a15df7d,2020-09-30T00:00:00
822,f82abad5-4902-4254-ae3e-2a0045dfe01f,2018-11-25T00:00:00
823,d2655f5a-121a-44ea-bc71-863c68312977,2020-02-29T00:00:00
824,54d70699-c8a0-494e-9b91-9341ed5b578e,2018-08-29T00:00:00
825,0515ec47-3d75-4669-a51c-9afce0bb92c8,2018-04-18T00:00:00
826,766cc2b0-9b70-4158-947e-4c69d2fe1456,2019-04-27T00:00:00
827,18fba022-f184-4fca-aee5-2524b5de4b14,2018-12-23T00:00:00
828,339dfb62-7730-4aa6-9493-7800ffcdcfe9,2019-02-27T00:00:00
829,ecde18a7-0436-4f89-be29-861effca112b,2018-12-30T00:00:00
830,61b943d6-53b1-438c-bee3-483a71b6b4f8,2018-04-04T00:00:00
831,f4b3ca70-6c29-4340-aa3c-304d4fd116b4,2019-01-14T00:00:00
832,8b00c6c3-75d3-4768-a5bc-cfeb690217a4,2020-01-07T00:00:00
833,795346ce-92c2-44a8-8221-c1107b51997a,2019-09-20T00:00:00
834,d2e0de5d-57c6-4234-bc30-96ece204c307,2017-11-18T00:00:00
835,3a7492ba-5a69-49ea-b66c-d9a69a1b8f2c,2019-01-30T00:00:00
836,b4c50aed-84ac-4499-93cb-5d3749532429,2018-05-17T00:00:00
837,3caa87d8-ec02-45a7-b28e-d0dd3068a4ca,2018-02-21T00:00:00
838,cb9d758c-2af1-49aa-a8e8-4d9f7ac0f7a4,2018-08-30T00:00:00
839,532cb8a2-26de-4fe6-8ee0-f05e6ec6c772,2020-01-16T00:00:00
840,201bb046-994c-4d69-a19d-dab640e18f2e,2018-04-07T00:00:00
841,c19b0fe9-32da-44e8-9186-502b36c6a9d7,2019-12-16T00:00:00
842,f3460c75-4f62-40c6-97be-2a3cc1e011c2,2018-06-01T00:00:00
843,68d20191-0c89-456d-a452-08a1e2e5a561,2019-07-07T00:00:00
844,ee81caee-d265-4a9d-b8ee-86d048284e7e,2020-11-01T00:00:00
845,0b3094e8-60e1-4a5e-bc6a-85fb76eb3015,2018-05-29T00:00:00
846,60af85d5-cafa-4797-a761-f60b7bba7a67,2019-04-06T00:00:00
847,e8cccf3b-3a37-453b-a7a0-085a57deec20,2019-10-17T00:00:00
848,b99c5c5e-8da4-4ec5-9bae-0a9c70fb712c,2019-02-11T00:00:00
849,f5003a9a-478f-463f-b5fc-ad3c1b3102a3,2019-03-28T00:00:00
850,d8bd18eb-113e-4376-b35c-34656b257794,2018-12-22T00:00:00
851,65806974-7b79-4b29-a12f-c51328173de1,2018-01-12T00:00:00
852,0b3c6440-d3ac-4f2e-a73b-80a6b2f9d680,2020-01-18T00:00:00
853,7e3ca683-17f6-4037-8157-b8c7eea4323e,2019-06-24T00:00:00
854,2b3d9a2f-90d1-4b68-840f-4363ab64091d,2018-08-28T00:00:00
855,baadcbc1-2a17-4028-aa88-fd8b15de4e31,2017-11-10T00:00:00
856,602bdf57-f09f-4f02-89f4-52ab60fa7cc3,2019-08-09T00:00:00
857,fe6d8187-3654-4c10-8f18-b80e49b95174,2020-04-27T00:00:00
858,c3dd25cd-91b8-4558-a03b-ef9d392b2478,2020-05-25T00:00:00
859,7afae312-5b0a-4224-bcd3-620b2a5cfdb1,2020-01-02T00:00:00
860,6786feaf-dc23-40b8-bb78-fc84f172ce6b,2020-10-07T00:00:00
861,65b496f8-f925-4b9e-bc2f-80d9ecaef5b3,2018-06-02T00:00:00
862,7c436305-e304-4f02-986b-22fb98f1ddec,2020-05-05T00:00:00
863,0676cfcd-85b9-44ef-90d9-9cdfdb4ea23c,2018-11-23T00:00:00
864,3b0460a6-0522-4378-a378-069647c41ab4,2019-09-28T00:00:00
865,29d466e6-93b4-4301-8650-86fdfdb3310f,2019-11-29T00:00:00
866,c8d1d9f3-4feb-4278-aa0e-b8cfb61d3b6b,2018-09-08T00:00:00
867,4e653e7c-86c2-4e5e-b9c7-07261eba41ff,2019-05-28T00:00:00
868,a8829e6f-a66a-4bbf-9b45-0b0e17126fb9,2019-03-28T00:00:00
869,bf812da7-f109-4d03-b96b-ba62c3bae61f,2020-08-24T00:00:00
870,95325c3a-567d-47bb-afc0-dc2716eb3eae,2020-05-06T00:00:00
871,66b16801-fb46-416b-955e-d985ab581c23,2020-05-13T00:00:00
872,016b0cea-0fac-4468-9a25-4f1576a2f0f1,2020-02-10T00:00:00
873,dad539cd-fa8d-4c86-8ce1-a898c7baef39,2020-08-23T00:00:00
874,6136fab7-9df8-43de-89af-7424f0cd140a,2018-07-20T00:00:00
875,af65645b-f311-44ae-abe1-119a33da3cce,2018-10-14T00:00:00
876,30d81713-5c7b-4dbf-a621-43c4d20a0d19,2020-07-24T00:00:00
877,8d433e5a-029c-4726-a2dc-382eaf3f0734,2020-04-28T00:00:00
878,2bdc8910-e666-44c6-b6c8-d88b728d1083,2018-11-30T00:00:00
879,8fa58a80-1ebb-4456-ae70-b86d73a727b8,2018-03-21T00:00:00
880,3cde8c8c-f697-4db9-bb97-0ffa3985b9d8,2020-07-02T00:00:00
881,94a3aa8d-4536-4397-a42f-ced1b230c525,2019-07-04T00:00:00
882,4aa6390e-a8d0-4c37-8809-9c3899ee8b47,2017-11-17T00:00:00
883,92350544-a670-42a5-bde0-d26d9f920120,2017-12-29T00:00:00
884,03717d48-9fd7-4b49-8b58-28b13813b84a,2020-02-18T00:00:00
885,e68e36a8-d956-48c8-aed8-a87d8f9e3c78,2020-05-03T00:00:00
886,02d43c8a-c661-46f5-8c17-39f5f4a0c560,2020-02-22T00:00:00
887,9f2bd8f5-fa30-4a1c-9c1e-1894ff0e1c1f,2018-02-20T00:00:00
888,9836b5b4-7266-4821-acaa-f2203d94f76c,2019-02-22T00:00:00
889,b41fa418-6178-4cd1-adcc-ea898bde73cf,2019-04-05T00:00:00
890,e1a167b8-e1e5-436b-afd7-ca35393f8eac,2019-05-15T00:00:00
891,2418f5ea-12bb-4536-abd3-30f977bbf6c7,2019-07-05T00:00:00
892,c9bb04f7-c067-4327-bf4b-18f46499f873,2018-05-23T00:00:00
893,878766ea-d47d-49bc-874d-3032067f2449,2019-03-26T00:00:00
894,e062f4de-ad69-41a3-ae65-7adc5317f222,2018-07-24T00:00:00
895,d2afb2ef-b640-4d10-bcb0-15cb3c582a64,2018-01-29T00:00:00
896,077358c9-2580-45b2-8d09-b9153152f901,2018-08-22T00:00:00
897,3eaecf80-a33c-4460-9d7d-4c5f3d13e57f,2020-04-13T00:00:00
898,89683329-2f8d-4df0-920e-c9647605c518,2018-10-24T00:00:00
899,0afacd9b-074f-4493-99b1-253dc312ecca,2017-11-21T00:00:00
900,4ab147c8-bc9e-4056-ab54-26e6b5e8b55d,2020-07-29T00:00:00
901,adb5af1a-89a9-493e-9941-0b2eb7875813,2017-12-20T00:00:00
902,54964240-b60a-424f-8c02-dfabf7f95d15,2020-11-07T00:00:00
903,579f197b-86ad-48ef-adf0-f1e5bf86c0b3,2020-07-10T00:00:00
904,1f873288-3de6-4a33-b04a-e470d759fafa,2020-02-01T00:00:00
905,64359883-3967-434b-a2b3-3e23d628231a,2019-08-22T00:00:00
906,b15d0474-7571-456b-b715-fd67d8274ff7,2019-12-31T00:00:00
907,fdd55e0d-2f5d-4099-b9d8-09999644a4b8,2017-12-20T00:00:00
908,7ffc6c4c-43ac-4e60-8a12-35ffe3bd4253,2020-06-16T00:00:00
909,44bb2116-e1c0-49c6-91a8-f053693a4c83,2019-05-16T00:00:00
910,41c34af7-00d0-41e2-8799-7b72e9526217,2020-06-14T00:00:00
911,5e515505-48c1-4c73-82c7-2ee1dae13197,2019-04-29T00:00:00
912,42912cd0-5f3e-49cb-8167-6ccfd1815da9,2019-12-10T00:00:00
913,bc95035c-a8c2-4510-b8e1-00f9b5b95490,2018-03-02T00:00:00
914,351ed476-30b8-4eca-8eb5-75e762bed66d,2018-02-18T00:00:00
915,556ab9ea-7b51-4e4f-985e-d1d91f0d4e7f,2018-07-18T00:00:00
916,e0c95e99-74c9-48c8-8667-f3be2fdcac02,2020-02-01T00:00:00
917,cdb44d49-dcd9-46b9-b95a-723da6a9dfff,2018-11-05T00:00:00
918,0ed3c966-0b82-4ac5-9591-35f324c883de,2019-01-24T00:00:00
919,c1c1c1c0-ff9e-44a4-a7d2-0e6e3ce8799f,2019-01-18T00:00:00
920,d8c94372-e4b3-43be-9d18-23230e4eeeb7,2019-11-22T00:00:00
921,656c396a-6e69-47e0-a515-9eab49547345,2018-07-20T00:00:00
922,eb5f8899-156e-4ab3-a0d1-c549fd4c24cc,2020-02-12T00:00:00
923,dc0cdf90-2925-4b83-a126-4b8710ae5bcf,2019-03-18T00:00:00
924,01129e11-034c-410d-be84-2ea0ff695ab3,2017-11-29T00:00:00
925,71561d9c-8303-4de8-a3c7-48b3c2624aed,2020-01-08T00:00:00
926,b1281a1e-bb7b-48f7-b9f8-958099605d51,2017-12-21T00:00:00
927,919571af-4f47-4828-b474-595d0f49de18,2019-09-23T00:00:00
928,f621ac09-f278-42cd-a38c-9bfc6038a96b,2019-03-16T00:00:00
929,c207032b-5d46-4a78-b1b1-a6b28ef3a91c,2020-07-24T00:00:00
930,5df272c9-e314-4e72-a43a-cdd68269ce2c,2020-09-04T00:00:00
931,44a71c63-1e90-4dec-867a-4aa91256c5aa,2019-08-07T00:00:00
932,18971893-37e6-4fbc-adb0-02f751021490,2020-03-20T00:00:00
933,a2063c24-9e02-4a8d-a2da-7f8de2ae31a4,2018-01-13T00:00:00
934,bcdbf925-c8aa-4c2a-9117-5a24ea015c87,2019-11-06T00:00:00
935,d5768941-3f13-43b9-b725-f6e7638791a3,2019-01-14T00:00:00
936,98e511b1-73ab-40c4-a893-fa939f86060b,2019-05-26T00:00:00
937,73d0a5fc-6164-4094-a5d2-aabd178f975f,2019-08-03T00:00:00
938,6c314a51-d281-49e6-ae5f-b8e6f0a10abf,2017-12-08T00:00:00
939,815df681-e4a2-4ad2-b022-ea93bf512590,2018-01-28T00:00:00
940,e9ebe3d3-d01b-46c8-a316-f8926725d59e,2020-06-16T00:00:00
941,a15f44e8-408f-4ce2-b71a-db92a59d119b,2019-12-17T00:00:00
942,3ec8bb53-76bc-469e-b234-9ade4bdabbf9,2018-11-05T00:00:00
943,15a7831b-6bb6-4560-aadf-affe4db0cbbb,2020-01-08T00:00:00
944,8637f641-9cfa-463d-a879-7a7da9c7fca4,2020-01-11T00:00:00
945,e57f8e7c-e9ca-4a19-bc83-8449eef3c19b,2018-08-25T00:00:00
946,aa319b16-bd69-4be2-b4cf-86430f50c8e3,2019-02-27T00:00:00
947,6f5f5bc9-14c7-4304-8a37-63e047012946,2018-02-06T00:00:00
948,a2e7a10c-9c4a-4153-8041-31ed2d625680,2019-10-17T00:00:00
949,7afe06db-c35f-4bd3-ae19-f2ea76b55554,2020-02-06T00:00:00
950,731b8799-eff7-41e8-a84a-684d5fc6c183,2020-07-07T00:00:00
951,789a2314-60da-47b5-869d-903e14d484df,2020-10-14T00:00:00
952,1fb9b203-cbac-4e6b-9873-6caf3231ba74,2019-09-02T00:00:00
953,09102c9b-0876-49b6-b710-bc3bc22d5860,2020-03-27T00:00:00
954,b621ac8a-f2c9-4883-abe9-ef03b17df899,2019-03-29T00:00:00
955,58ed8589-db1c-4068-b35c-a59afe4a3724,2020-09-13T00:00:00
956,5d62e16b-5e6d-461b-8b16-e619b2d62631,2018-10-25T00:00:00
957,f73d2cf7-5131-4853-9b2c-21dbadb5c214,2017-11-12T00:00:00
958,caa8e957-755f-4907-b1dc-f199373ba809,2019-10-28T00:00:00
959,7462d794-14cf-4938-80da-4d8e4fb21251,2018-02-26T00:00:00
960,4041ceb1-ebf4-42df-bad4-5611963fa166,2019-02-26T00:00:00
961,21cd52b5-d73a-426d-8934-99367fbaa957,2017-11-25T00:00:00
962,ac64d3f5-76c2-4ef8-b1d4-49663de0b24e,2020-09-30T00:00:00
963,0395b07a-8426-4b20-afa5-57756eedd181,2018-03-07T00:00:00
964,4901ac3b-989e-41c9-8065-647dc6ccfb96,2017-11-25T00:00:00
965,656f54e5-a5e4-41ba-b503-b6420a0d3f50,2017-11-10T00:00:00
966,d58540e4-4bc2-4f6d-81ea-49ffa98e7a62,2018-08-24T00:00:00
967,cbc5451e-1e20-4847-af0e-bee01ab7b719,2019-02-01T00:00:00
968,e9ef6090-8cb9-4b00-b7c8-ed8c02ad2315,2018-11-09T00:00:00
969,facb544d-7816-496b-a3d5-6bf217346a36,2019-10-18T00:00:00
970,22b0549b-557f-4d1f-a4a3-bf3fc60c9b9e,2017-11-24T00:00:00
971,125b751c-dd52-4690-995c-ddd157a83c09,2020-03-20T00:00:00
972,2661fcb7-dd42-40a9-a02b-6e4d5fb20961,2019-12-12T00:00:00
973,0d582ce1-196b-488b-8e11-77a2a2d04e23,2018-02-09T00:00:00
974,7a5e7c8a-36a0-4d8c-a5ec-f3384335fe01,2019-07-19T00:00:00
975,37afa832-49f1-4c83-b16d-b418aed556a2,2019-05-18T00:00:00
976,ef071dcb-30b1-4eea-9a68-d17c7872f6c0,2019-12-19T00:00:00
977,20d17edd-af6c-4135-a30b-d5fefad9c620,2017-11-12T00:00:00
978,4798fb27-dee8-45fb-abd3-4b9b9038057c,2019-06-26T00:00:00
979,65c79dc8-5f5f-468a-b19c-54f36c803b79,2020-07-16T00:00:00
980,63100eed-1435-4a7e-ad0d-37c4812a195f,2020-05-20T00:00:00
981,bc2a3c6d-8185-46cd-9dc5-0c262141309e,2019-10-16T00:00:00
982,46bcb98f-b68f-4b45-b517-b77e30875091,2018-08-30T00:00:00
983,36f0d9ae-7acf-4115-a984-23c948509353,2020-02-23T00:00:00
984,4acf4bfc-6c40-45fd-b97f-8227f5ca168f,2019-10-12T00:00:00
985,6d194c7b-dec0-433d-9d30-7f2b45b8793f,2020-02-01T00:00:00
986,b7e9f36b-abce-4b05-8e93-bd7435e48ab4,2018-11-06T00:00:00
987,8b2ad0e3-13c1-4967-94e4-793a58c9663f,2019-07-29T00:00:00
988,4bab5af7-2736-4bdd-94db-cb357b17c069,2020-03-17T00:00:00
989,8c5856c8-acc2-46eb-9372-0fc8bf768054,2019-12-02T00:00:00
990,6e193f59-d8a5-454e-99a4-c79de451e5d7,2018-03-17T00:00:00
991,a04c9f9d-5155-4a15-9563-344cf42f11fc,2018-01-10T00:00:00
992,10e757f8-3feb-4449-88c2-a4c9edf40708,2019-02-03T00:00:00
993,17c4d041-d72b-43dc-acc6-6563d3cb2b13,2018-06-12T00:00:00
994,1d97787f-448f-4489-a91b-145742dcc1e2,2017-12-08T00:00:00
995,bf88fece-5570-4609-b45f-3431d1d34213,2020-09-08T00:00:00
996,c274983d-b86c-4c7d-b9d5-c4a4702d202b,2019-12-01T00:00:00
997,538cb7f5-ee4c-4e7e-98fe-a84a03f9900f,2020-02-23T00:00:00
998,f2f4066b-34a8-47f5-8f74-65e3d2bf93a2,2018-02-05T00:00:00
999,7efa08fd-2bbd-43b6-8d2a-de6eb4d58d72,2017-12-20T00:00:00
