id,CreationTime,ExcerciseID,Excercise,Excercise_Completion
28cdf36d-c7e9-41cd-8a16-a27530ec075a,3/29/2020,761539381-7,CDMA2000,6/16/2020
adb86f8f-f3ef-4723-b7a4-a43336f1f6e7,7/15/2020,319042552-3,TUPE,3/22/2019
6b668755-21cd-4e62-bc80-e0f83cfa138e,7/11/2019,223714695-0,CTRM,7/26/2018
e485fd54-098a-4634-927c-88283d740210,5/23/2020,105178173-6,Hg,3/4/2018
4ff93099-9dab-492d-a94f-fac40ad2ba13,11/19/2017,959753441-X,Project Estimation,1/27/2018
638a0f50-a2d1-4465-8c8f-4cd170cd66b7,10/30/2018,707955449-7,JBA,5/29/2019
a362a349-b1b4-4c08-88c6-471a8bc15a8b,7/21/2020,627960945-6,FX Hedging,3/9/2019
8e11fc91-efa8-420f-bb54-9a4c93599f8f,5/24/2019,698717620-5,JSP440,6/2/2019
58465e50-d3de-4281-9511-1b3b4b27502d,10/18/2018,428183134-7,VRF,12/19/2019
f803adb6-c830-4810-85d0-3b775c84f85c,1/4/2018,532714245-0,Professional Services,4/4/2018
d04c4a3d-95ff-42e8-afa2-9af0a20ff64d,11/21/2019,238996560-1,xPON,7/4/2020
223b87b0-2f6a-4749-aa0c-76d600f56b72,10/12/2019,436771560-4,TBS,2/3/2020
c04263e5-c113-423f-94f2-3472d75a6f7c,9/3/2019,578965024-4,Legal Writing,6/25/2020
ecd222a0-3856-4629-9996-38920e50a97e,6/1/2018,418793951-2,Registered Patent Attorney,12/25/2017
864c7d80-5aa0-439d-b2b8-d998f23ba392,3/25/2020,264462564-5,IOS Firewall,3/18/2018
2574019e-6644-4add-b5be-f36270d3204b,3/16/2018,602817617-6,Factory,3/12/2020
45793fbb-7fda-4cb0-b62b-2b95b4f19e81,1/15/2018,298932840-8,Theory,10/24/2018
850fe8e3-a17e-470e-9f0c-747c78c79e3a,4/24/2018,474769375-0,PXI,11/18/2018
1813028d-4326-4472-a0e3-3e8be9ada091,10/10/2018,332459890-7,Facebook,6/23/2018
1a8b6d1e-e2c5-4080-a62a-185c22842dce,8/24/2018,784869766-5,GVP,12/13/2017
db2d255e-55dc-4b34-9514-9896a23e06a9,7/28/2020,947027953-0,CDISC,12/8/2019
ac234730-5726-48ee-8dc9-83952c520ff7,9/12/2018,095405000-2,CgFX,3/22/2018
ba9fd3ce-1ffa-4b44-8e36-06db2bb303c5,11/15/2017,818234417-4,NCQA,5/5/2019
f0301b5e-d34c-4da4-b2d0-c119ab9d2d92,1/24/2020,639661833-8,Lubrication,1/10/2020
3f27d93e-db92-40db-9ac3-0c2a3877a7ae,11/6/2019,604909924-3,Kosher,11/8/2019
da5a7f03-4b26-4edf-84ff-196630724dbc,3/20/2018,821264350-6,CDMA,7/28/2018
2771ef30-1ec8-442d-8cee-ebf8aa4d4335,1/1/2018,879748436-9,Ntop,11/30/2018
f1948da8-d127-49b1-aa2f-4ecbaebdf856,11/2/2020,507909337-4,People Management,6/15/2020
1797ffe2-2af7-4287-9ca5-3bea3d9925ca,5/9/2020,947813930-4,Visual Arts,12/10/2017
31bf7522-fe44-489f-a0a1-ef3ec3f492b8,2/4/2020,177829384-0,AP Style,1/13/2018
4b119364-d5bc-4696-aad1-de1a12083979,12/9/2019,169809535-X,TCO reduction,5/28/2020
4fb795f0-98b3-46c8-ae90-604ddc7b1975,2/19/2018,180201222-2,LLDP,8/9/2018
a92d818c-f782-4481-8d9f-26ffb72e540a,11/6/2020,225783595-6,Akamai,6/25/2018
aac8414a-0fde-431c-8dcd-f011dbd66c69,9/22/2019,679062667-0,Pilates,1/10/2020
237bf774-f628-4fcc-9b9c-dba06ef1fa22,11/28/2017,783355239-9,Particle Effects,10/3/2019
cacade83-2475-47ad-9867-8f0902b9ab92,9/4/2018,687841754-6,Ninja Skills,7/30/2020
b1072faf-99fb-4257-954e-2c9b20b0bf82,7/8/2018,548777520-6,EHS,2/12/2018
57e2beb0-2ff1-4992-af16-a71db3ea731c,12/20/2019,348229945-5,Sustainable Development,10/12/2020
6c9caace-d0f2-4488-bd7f-e74cd500beaf,8/27/2019,256693196-8,Store Management,11/4/2018
532ede30-e9bb-40a8-b9e5-ba1807514a8d,4/2/2019,843832637-4,Healthcare Information Technology,9/8/2018
4d38e8fd-f378-468a-b9f2-3b2ba572c17c,1/18/2019,149831714-6,ASME,3/12/2019
2075f099-ed66-4d88-9ac0-65420ade9bba,4/1/2020,153435761-0,CICS,8/26/2020
cbb2f094-0135-4b38-97ad-5a37957f2132,2/6/2020,949417880-7,Xeriscaping,9/11/2018
abaa288a-8e0e-415c-8874-557f519ae41d,10/10/2019,652188540-5,Android,9/14/2018
7d78660a-ee6f-4039-bd57-dbfcdeb949fd,8/20/2019,619427040-3,Xenix,10/8/2020
d9637746-551b-4fec-86fc-8aaea7e26f15,3/7/2020,320188908-3,User Experience Design,8/29/2020
fd272f7d-a091-4915-8500-bde47e9ccf7d,8/19/2020,703376729-3,Xactly Incent,9/25/2020
bc4d411f-7dd3-4f93-bab1-6b8c5c0e2265,2/12/2020,670829343-9,Xcalibur,11/15/2019
86b203c8-96ae-4f72-9afa-83df1bf841d0,5/2/2020,576329039-9,Knowledge Engineering,6/13/2020
67ce81d7-1dc1-4010-9f5e-fe75173c5e96,10/9/2020,631614193-9,Investment Banking,12/31/2017
cf03fd9f-7666-403e-95fa-4a9c0f9e2723,10/25/2019,961215052-4,DCID 6/3,4/18/2019
a9d59cd5-04e6-44f1-8ff1-1af70d326c64,8/19/2018,069324210-8,Literature,12/8/2018
b71218cd-c50d-44a9-8aad-47a25d90d359,11/10/2017,002332907-6,iPhone Support,12/1/2019
3bb674ce-e54d-43a5-a999-dda1a7662962,10/4/2018,007868211-8,User-centered Design,7/3/2019
1bb61d92-311c-475f-a1d6-fa79bb262aef,10/17/2019,754402758-9,Logic Pro,2/14/2019
2492f49e-295b-48a8-af6a-5ae1ca73eb98,7/12/2019,568383021-4,Whiplash,9/28/2018
76c90a94-86a7-49d9-88da-c67ddb87697a,9/14/2019,212067839-1,Western Blotting,2/16/2018
3fb64750-2bc4-4f8c-982c-9b0fa5ec163f,10/15/2020,382755115-3,GPS,9/5/2020
2bf23ff8-9762-4b6d-9bc4-1cda6c38a5c3,9/14/2019,458743141-9,Jing,6/5/2018
dc51079f-7a38-40da-90bc-6eaa89b28ed2,5/19/2018,308928251-8,Pulse Oximetry,5/1/2020
ad57e86f-14cd-42b1-8d75-384c4cb22a9b,4/29/2020,207746787-8,RSA Security,2/27/2020
a696e5b4-d001-4474-90b1-fb404efcd0ea,3/6/2019,018915698-8,Early Childhood Development,2/26/2018
19b91aee-5848-45f8-aa13-6ca3f9b46a27,8/18/2019,962618207-5,GNU Octave,10/26/2020
517d9e3b-b366-4175-ad3f-1926f9b34f83,7/13/2020,069091486-5,Financial Modeling,1/24/2018
e8674cc4-84a7-477b-91e9-646a9060c00e,1/13/2018,599982407-9,Natural Language Processing,11/21/2019
af3df638-11c0-4c22-b9f7-75c7dac87848,7/10/2018,487984598-1,Nutritional Counseling,11/26/2018
1b799ddc-9d4d-4a89-b73f-7f1e78f60029,10/7/2018,654187118-3,Emergency Medicine,8/5/2019
72b6ca20-ab7f-4074-a495-d347d1f3a271,5/24/2020,228468868-3,SMTP,12/19/2017
8d80880f-4e30-4f77-88c7-734f8401d810,3/3/2018,946367500-0,Xinet,8/23/2020
7ea42ba5-bfaa-41b1-8e11-bbed202c972b,5/16/2019,774455200-8,MSC Adams,4/20/2020
fcd9cd23-32d4-4b57-a9c8-eb06d4b48065,1/9/2020,519201510-3,Private Piloting,6/21/2018
ea3630b8-278e-478d-8397-7a3e0acddec3,9/14/2020,793562361-9,Psychological Assessment,9/12/2020
5d9c541b-c5e0-4adc-897e-a7e5dda2d11a,7/17/2018,812544777-6,Manual Therapy,12/29/2018
14274ef0-370e-4198-9f03-7fbe148e4009,7/31/2019,395223860-0,Yardi Enterprise,8/4/2019
0056b6d4-adce-4081-98d7-fd849896776f,6/11/2018,452322607-5,VMware vCenter,12/17/2018
296d5089-5d04-4c87-bf58-d87410304802,6/17/2019,933209232-X,Ecology,7/9/2018
dc989eee-f74c-4822-826e-4f33af7fe6f9,8/22/2019,498437068-8,Tcpdump,8/15/2020
5d1a8ccb-dae7-4e39-8aab-1c3bb2a34cd2,7/5/2019,913850581-9,DFR,3/15/2020
63813175-e9fd-4476-91bd-c84b83b4a5b4,11/22/2017,526422214-2,nCode,11/7/2018
6eaa7c9c-18b5-4393-a8b5-b6c4d144a891,1/9/2020,960002509-6,Branch Banking,5/13/2020
30f03bb9-b507-4094-b2e5-93cae9fd581c,8/1/2019,429504212-9,Economic Development,2/9/2020
34b25194-2ddc-41ac-b7cf-dac0253d6019,6/9/2020,060671096-5,Pitching Ideas,8/14/2018
aed3a7c9-81ee-47d2-a6db-247229551139,7/23/2018,845669427-4,Sourcing,9/25/2020
6cb3f725-fd78-495e-bdd3-19ef24c0d4ff,2/3/2018,205554171-4,Amazon EBS,11/3/2020
8b00a25c-62cb-480b-8164-a0ac40dad3a8,6/19/2020,662604463-X,CWTS,2/17/2018
f67d5f90-ccdf-4949-95ca-669bc067e5d7,12/28/2017,472045768-1,XDoclet,8/20/2020
9352739e-869b-4966-85eb-861c1c86f845,7/2/2018,165859312-X,HD Video,12/6/2017
7a735d0a-9399-4a4b-8a96-a503a447dcda,9/17/2018,563357303-X,Civil Aviation,9/4/2020
02a12ef8-77a9-4fcd-8f3d-20e095527f5a,7/6/2019,061013006-4,Front Office,6/29/2018
62550014-1aa1-4b9d-a6bc-73f59de3b9b9,3/22/2018,563860112-0,PPBES,9/12/2018
80455d02-2882-43a4-9b77-70c347fe34a4,7/19/2020,422095476-7,D3.js,10/17/2020
da437e07-8f09-4c31-98ee-71bce73c96ad,10/28/2019,193933673-2,Project Bidding,3/17/2020
95dde912-3010-481f-9c76-70b249223baa,5/14/2018,133201088-1,Yacht Clubs,1/24/2020
1a169aa4-66e7-40fb-9572-e6f3c7e542e1,11/8/2019,605800161-7,Ethernet over SDH,10/4/2019
7ac665dd-1402-4e57-b5cc-74f5b79f242a,8/12/2020,942015218-9,LCM,4/19/2019
540bf907-47c9-4051-bff3-91cdde27bb8a,9/21/2019,447926997-5,HVAC,7/22/2020
715135ee-bd92-4418-9200-108a718ada13,9/28/2018,880514445-2,BBEdit,1/31/2019
cdbe7b1c-e211-4b73-86a8-14a5e016cf9d,7/4/2020,220612776-8,HP Quality Center,12/9/2018
b1455d2c-e294-4099-af6e-b3046a55344f,3/27/2019,745665771-8,DDoS,2/22/2020
0e9ff4d5-8ac8-4e88-932b-1b234ca2ef72,8/14/2020,157921165-8,SQL Loader,10/4/2018
0d49af9d-28fd-43ab-b82a-ba9e0663eb48,9/23/2018,710336661-6,Interest Rate Swaps,5/26/2019
fc81355d-e0a4-40db-b3fc-ddcf1ff48f7e,8/2/2018,744895261-7,Spreadsheets,1/31/2018
0e9a1fb1-8075-4608-b96c-59e9b884d4d0,2/26/2018,457098643-9,French,2/9/2019
5f18f103-595b-4ff5-81dc-dc3cda180e76,2/21/2018,406069458-4,Renewable Energy,10/1/2019
c320c5a9-5f6e-4ff0-a05f-82b8974a63c8,9/30/2019,490038281-7,WCSF,6/3/2019
8a2ebdd3-cc2b-426b-b3e7-015e2dce8a56,4/22/2018,438619495-9,Nanoparticles,6/19/2018
b3322721-19a9-446a-8582-02c75be079eb,12/10/2017,936434088-4,Zenworks,1/26/2018
b0d507e0-3206-424e-a375-be1ac022ae4d,8/5/2019,862062507-1,Hotel Booking,2/25/2019
2ac5e17c-3003-4a34-9359-ae0b3e9a1dec,7/4/2020,204000230-8,Equipment Maintenance,3/5/2020
6e24b94c-25e1-41de-91ff-a5432be5e717,9/26/2018,698650916-2,MySQL Cluster,1/2/2019
7fdce5ef-7a72-4c67-94d7-e55237d27a88,11/20/2019,550667458-9,Federal Law Enforcement,11/17/2019
859191c0-58ad-4301-b0ae-503b60fad918,10/28/2019,621427650-9,Zsh,6/25/2020
7ec011ee-5d7f-4bf9-9ac2-57d1f6d74a0a,6/12/2018,477075295-4,Life Cycle Assessment,12/21/2019
401ac403-bbc0-41b7-bcbd-a8f42b8a2fbc,5/20/2019,700500072-2,Middle Office,12/18/2017
2710a6ac-6cb8-4671-b8af-1cb3ef0f01e0,10/15/2019,515405363-X,Executive Protection,12/4/2019
8959d890-4eb7-4624-810d-b6252917f7dc,7/29/2020,244316557-4,Kompozer,3/2/2018
dc046a55-8e21-4840-ad64-8ad010b9a9f8,6/8/2020,799721796-7,OGSYS,3/29/2018
84e2c825-0c76-4be7-8b21-5d68772ff261,7/17/2020,493257563-7,Gifts,6/9/2018
776327b9-a2c8-4824-84b8-44ea5e190169,12/24/2018,853948983-X,Object Oriented Perl,1/18/2019
a0a03a18-61d1-4e76-a258-6a7efb1adbde,4/14/2019,794613929-2,Lightroom,5/24/2020
b722c5bd-2992-481b-835b-81423b22c010,6/22/2018,571879029-9,Kaspersky Antivirus,12/29/2017
ab7c7fc2-45fe-4b3f-8db6-5377d8c9df3b,5/15/2019,730219013-5,Mentoring,4/7/2018
18c344d0-d1b5-4dcd-9e61-9b74f18cb451,6/3/2020,122758878-X,Nielsen Data,5/8/2020
1b8589fd-4549-47b6-96b8-f7bb51d9d755,10/14/2020,382208482-4,RSL,5/13/2020
975bb26e-cbcb-43f8-a074-adefbc179d9a,1/28/2018,251994467-6,Telecom BSS,10/7/2019
b67135d6-67e9-47e6-9fcc-b46f8d8f147a,11/28/2018,338070601-9,Youth Outreach,7/1/2019
1f5549db-40a5-464b-a360-e005cecd3a7e,5/9/2019,118927461-2,Press Kits,12/21/2017
49250563-3790-4bf6-89c6-fbb0b51d80c9,5/20/2019,505999342-6,Japanese Business Culture,1/11/2019
b3d8e4a1-8073-4f45-9f19-de0335accb9c,12/20/2019,347119179-8,Cisco IOS,9/30/2019
b4aa2ce6-d067-4f73-87e9-83a7e97bd68f,12/10/2017,218187526-X,Kurdish,11/30/2017
f9c0c61c-923f-4e76-8b8d-aa60ddd21d74,5/22/2020,502864124-2,DLX,6/7/2020
17aeddf2-aad4-4126-b405-a66e8a39ba12,10/23/2020,519329608-4,Characterization,4/16/2020
9d68625e-f5bd-481c-9082-7a55b4e13917,1/13/2020,530679901-9,SGML,8/21/2019
0b18c7e6-7f0b-498d-bb8b-c9590465865b,4/11/2018,821035112-5,OOH,8/17/2019
c04a8602-b99c-48e6-9edc-84e505d62328,2/7/2020,068123737-6,MPEG,12/1/2019
e25bdfd9-87a7-4ade-bf00-d9148c960f3e,3/24/2018,965457693-7,ICU,6/11/2018
476c04d3-cdbf-429f-86ce-6854fa563025,10/30/2018,255887177-3,BPL,1/6/2019
cbf008c2-69b6-4fe3-85f1-304bdd0865fa,7/24/2020,435398497-7,Time-efficient,12/26/2017
4cd324a1-20b4-4c0e-8339-be3f5583c175,11/1/2020,801407415-7,Earth Science,1/10/2020
df7f4510-cace-405e-8ab1-cd29edeb1187,9/29/2020,754190538-0,Kosher,12/10/2018
8f4527cb-8997-492b-93fc-fea3daa7f03b,12/28/2017,089783885-8,Event Planning,5/24/2018
6036ac41-00ba-4e42-995b-f970293b1d77,7/7/2020,915560278-9,CCU,12/7/2017
e5152b7f-7963-4f78-b5fd-e8cbd72a9b8a,9/17/2018,070232547-3,Food &amp; Beverage,3/2/2018
995c6a0f-cb2c-48e7-815c-1c67a380fe31,6/4/2019,880338938-5,MicroStation,7/30/2020
d6cf7624-ef3f-45eb-8320-ff0e671bdcd5,1/12/2020,020488375-X,Karl Fisher,8/15/2020
edad1e2c-9939-46ee-9128-14182fd97039,9/16/2019,027533175-X,Welding,11/20/2019
74747ecc-ec48-4b52-9526-8dd4049e263b,6/20/2020,506609939-5,Xactly Incent,5/18/2019
ad8e9dbe-dfa9-43db-880a-4dec555e9427,10/24/2018,499731674-1,Digital Illustration,6/29/2019
36494f57-1728-4f93-b121-9190983ac8eb,12/12/2017,724792061-0,PPAPs,12/14/2018
7e6a37ef-164f-4660-83ea-f5dda5fb755f,6/24/2020,253116218-6,PWE3,9/4/2019
05f018ac-619c-457b-8683-288f22256944,2/10/2018,646794336-8,Affiliate Management,3/22/2019
beba5971-361b-4ef1-88ea-7da77976933b,1/24/2020,067791909-3,XPlanner,5/2/2020
387cea29-dc15-487b-9e9c-2e6757b43280,3/20/2020,444754113-0,Rhythm Guitar,11/27/2017
25846e66-6491-4ea9-a6de-89c350a63e0f,7/1/2018,813299814-6,Rational DOORS,3/3/2018
b20167c5-5725-4cbb-abd6-beb5f4ac876e,6/22/2018,664999658-0,RSL,4/9/2018
b54772fb-cfab-4e39-802b-ce8ebe722e97,10/26/2019,866332012-4,Lubrication,5/15/2018
39912893-6a3a-415f-860e-6dd332119609,6/5/2019,233042854-5,LCD,5/2/2020
86f225b7-dd2e-4e80-b499-62ca83c18b1b,3/20/2020,730861777-7,Political Economy,6/25/2020
91ef27e6-6af4-473a-9a18-f957105f0ecb,7/25/2020,959487166-0,IPTV,9/3/2020
4c537d0c-4925-4b3d-9801-54f67c42b3f9,5/9/2018,634122503-2,Layout,10/25/2019
2635d34f-8596-4824-ad86-aca705add78e,9/26/2019,564330607-7,Brokers,12/1/2017
4be395ee-f247-4cc7-8434-886aa9377ca1,3/12/2020,778662597-6,Non-profit Program Development,6/1/2020
64aee563-f1fe-415b-b2a9-37353dfa08c3,2/24/2019,910345325-1,CSM,8/21/2018
902ab131-7679-4a71-a307-6fdd5a04bc4f,6/22/2020,679046703-3,PWS,11/1/2020
f64a1586-8f82-4621-a1a0-7dc87392bc63,6/5/2020,142245891-1,GFAAS,8/27/2020
9505321e-1a16-481a-b073-bd8882f7dfd4,4/16/2019,007163079-1,Virtualization,8/12/2019
d15cba31-e281-4062-8f8f-d203956a7a2b,5/12/2018,849110075-X,21 CFR Part 11,10/28/2019
04bb9cdb-64ab-40f0-8f07-b493bd4c3794,11/14/2019,679484331-5,Posters,1/6/2019
451e1952-9185-49c5-8d24-b1661453aa6c,9/27/2020,712433835-2,GDI+,8/4/2019
fc1c493d-2346-40b1-85df-bfba4434f687,4/1/2018,896136798-6,Btrieve,10/2/2018
dbd76b83-6c67-4373-b7a8-49e1e6903930,10/30/2020,402188444-0,WMI,8/5/2018
cc77bb9d-dfd3-48f9-8ad1-c52737b7c41a,10/17/2018,139438626-5,Ministry Of Defence,11/30/2019
e1dec461-2cb3-44a4-9568-0e14b49ef867,10/14/2020,893100489-3,SFTP,7/3/2019
b4aba52c-fad6-42fc-9098-04ca27df0b84,2/14/2020,062758700-3,DS3,1/27/2019
c6523b48-b8d1-4e82-8782-396387bd7e3a,12/8/2017,235745687-6,Final Cut Pro,3/24/2019
648a5b5b-ca15-461b-834e-943979abdfe6,8/25/2018,800711941-8,Lyophilization,11/24/2017
1225b596-9c1f-4072-8b83-832bdad5b436,7/17/2018,043670678-4,CGI scripts,7/26/2018
360cd2bc-ee41-4bf7-87ba-b0a2c963c9cf,4/6/2019,586619180-6,NNTP,10/13/2020
00b047c5-6bee-4d7d-94fd-3d66da386082,5/9/2018,468468199-8,Community Development,1/26/2018
3d2a4505-2de6-406b-b7d2-32bc5d34fe73,10/14/2020,410580368-9,EEO Investigations,9/25/2018
5b90dd26-6f39-4321-ad71-1c6df7122e6d,12/8/2018,334899752-6,Packaging,5/19/2018
e8b057b8-7354-42d3-b5b3-558b6530b0c0,5/10/2018,629720771-2,UEFI,7/13/2019
67651252-8d45-4f7f-a1d0-c0bb516b3389,8/1/2019,841613817-6,MHE,12/12/2017
585bb144-2d5c-4d4c-a9a1-dcd90d7ffdd5,9/27/2019,897670020-1,DTDs,11/13/2017
f67b533b-f7fc-44d5-91ab-1988b53625b5,11/29/2018,017476685-8,Nokia Qt,3/5/2018
c307a593-5bb1-4ec9-ba2a-3ee9e00c3965,12/18/2017,194936027-X,JVC,1/29/2020
20d6b643-4120-42b6-bb90-d67db3184414,7/6/2018,399537791-2,JPOS,2/7/2020
414ab78e-890c-421e-a087-ec8bd564f030,5/10/2020,398805181-0,Branding &amp; Identity,10/1/2020
a07a9b9e-ff5c-49aa-b92e-576b8351f4b8,12/29/2017,538168957-8,AHU,11/22/2019
c123a367-dc45-4c6b-8afb-9aca484224b6,3/25/2020,916824058-9,TMJ Dysfunction,12/16/2018
31d5365f-0ef5-4f3f-81af-328511d7d7b8,6/6/2019,038923273-4,Team Effectiveness,5/18/2020
873e4484-05fc-4532-b860-9c1a2366c5aa,8/28/2019,567344768-X,Commercial Real Estate,1/21/2020
bf41f460-a2e2-4fc6-9895-2daf1e11f294,8/2/2018,692076929-8,5 Why,9/21/2019
22f553b5-82b9-4d46-959e-db1301b858d4,5/27/2019,814703910-7,Legal Writing,10/10/2018
4b80235a-9d82-4266-a146-0d0bf90911d8,3/8/2019,074336044-3,Job Evaluation,4/30/2019
f9150850-b4d5-49d9-afd7-de0ecc78d032,12/12/2018,255094328-7,Bank-owned Properties,2/18/2020
ebefc693-c852-45f0-9ac1-e6bdf1fea832,5/5/2019,727189426-8,Floor Plans,10/1/2019
8020064f-1b0e-45aa-a6f0-8490a48fef82,10/2/2019,705858899-6,Oncology,8/5/2020
407fe14d-a588-49b9-a12b-20b6d1e8a36e,9/20/2020,204400826-2,NLB,1/5/2020
e16d25eb-3500-41ea-9ada-189cb93fea20,2/28/2018,950138941-3,PL/SQL,1/20/2018
50d26862-cff4-4878-9e60-132c69a7d0df,11/12/2019,038876478-3,Grants,7/7/2020
18bf0369-0e43-48b9-a6be-b48d84fb6275,12/19/2017,561041948-4,Osteopathy,1/21/2020
77ec03c0-42d8-4e3d-b952-7584458ca276,10/19/2019,686831396-9,RRDTool,1/30/2018
66d853a5-897a-4462-ab3f-1155e794a580,1/17/2020,551275106-9,Ultrafast Spectroscopy,7/3/2020
e54862a6-8bf3-443b-b61a-98469938f596,6/16/2020,527365973-6,CSPro,10/19/2020
83d5a899-a12f-49c9-8e9e-e5961ea3b24d,7/28/2019,476288862-1,Emotional Intelligence,8/5/2020
cf5bfec1-0975-462d-9255-e1fdb73b381b,6/25/2019,981208633-1,Federal Government,10/16/2018
58a92b91-2669-466f-bd2a-5801cf06d25a,12/2/2018,824058374-1,RSLogix,8/22/2019
9704dfe1-3177-477e-9007-0def736c7c41,11/23/2019,412058631-6,Glaucoma,4/30/2018
a394ca82-4a75-4bea-8af5-a1a138221ac3,11/29/2018,658920878-6,UFC,8/30/2020
862d5a50-9d2b-4268-a399-1a2fde820cb1,11/27/2017,268383632-5,Kosher,6/22/2018
7d267779-e700-4f06-a861-1151aaf95d7f,12/29/2019,766676590-8,Windows,8/6/2019
e509433a-c503-4a99-b59e-09e2a087df16,7/6/2020,773541290-8,FTO analysis,8/18/2020
282f23cf-ef28-4172-a695-d65a19ef140a,9/6/2020,996080821-1,Aluminum,7/6/2019
ab2370ac-8d0b-4187-a5ab-d0ea81386c04,8/27/2019,874862568-X,Vocals,11/17/2019
b2c6752b-a62a-4df9-a853-d692055f052e,3/1/2020,095365036-7,XML-RPC,2/17/2018
46b98acb-3d6f-4e51-97a3-ebc3e3120bcf,9/23/2019,933345536-1,Digital Signage,11/29/2017
50e69a09-144a-4b7d-9f07-b871fc5e3dce,6/16/2019,047361138-4,TMDLs,4/25/2018
dc39acb9-16b9-430b-8c68-055a2a45ef03,3/24/2019,191147065-5,CPAP,1/9/2019
27f224fb-02af-4738-894b-455f9cea5a4f,11/12/2019,284617326-5,BMC Remedy User,11/6/2020
c1210ccd-2053-40c3-96bd-ab7fe289ebdd,2/23/2018,209172153-0,JFace,1/30/2020
07753fed-6bd2-4353-b8fe-00bfb3138d69,11/2/2018,203275397-9,VSA,4/21/2019
77b0e4e6-f402-440c-a4ba-6fe84ea5e676,7/23/2018,842975535-7,SFI,6/5/2020
5e0335ec-de31-4739-8bc0-5426667250db,8/10/2020,597083457-2,Visual Effects,1/4/2020
525e3249-a3a5-4648-aa2d-712b86b44565,9/27/2020,715021804-0,Telecommunications,9/7/2019
5cd3f2db-82d7-4925-9c53-4a6dd2fbd6d7,8/9/2019,700134739-6,Oozie,2/1/2019
c7715bc0-ebd6-4334-99c2-c1b0498c9f2c,2/6/2018,493275911-8,Home Equity Lines of Credit,1/4/2019
31f837c7-f91d-48d4-83e1-66236a67bfab,6/9/2018,424890344-X,Thermal Oxidizers,3/16/2020
8fe13f93-ad3c-431d-9f52-5bab9cb11ca9,1/7/2020,800146870-4,Tk,2/5/2019
9e0ee297-c461-4fc5-b1b6-ff0b24e87b23,11/3/2018,397440297-7,Typo3,2/14/2019
750d4717-c410-4c7d-875b-f66790d05f04,5/9/2018,326059055-2,CD packaging,5/6/2020
d2ec7dbe-2e83-4577-a240-d47ffec7754a,1/22/2020,181844454-2,XMind,4/16/2019
d318c5b8-b131-4bfe-ab85-d1e795217afd,1/13/2019,849673853-1,Global Sourcing,9/13/2020
33149bc7-9147-4c34-b7ef-b534537f5103,6/28/2018,879026334-0,Childcare,6/5/2020
65ead3f7-cec4-444e-801a-04c433561ecc,7/7/2018,802368988-6,OLAP,8/22/2018
6122c7fa-f5d9-465c-a4bd-c9e402d58126,1/11/2018,951806724-4,Adolescents,9/8/2020
aa382b55-9867-4836-abe9-27ab9e1ca761,6/28/2020,405419945-3,Ethnography,10/7/2019
ef864d34-dbbb-4fb5-ae7a-3a4a35e81ac7,8/13/2020,837422953-5,CWTS,12/25/2019
5fbb89e7-f750-4c5e-bfba-19f293ad7edd,5/6/2018,129838434-6,EFQM Excellence Model,6/9/2020
34af8bbe-af30-43a9-bc25-be1ee36fd058,11/16/2019,702939426-7,vCloud,8/29/2018
e3a17d31-e07b-44b2-92a1-8ad9c466f922,6/15/2018,515646293-6,MBTI,12/3/2018
60632f30-8a0b-44b1-84eb-2c53a4c02adb,2/17/2019,031636661-7,JDOM,7/20/2020
181027c4-8b85-483e-963b-36e1a6e5637c,4/1/2020,979306679-2,ZBrush,11/28/2018
2c73ff07-83bb-4adf-a196-24d67fee0e0e,8/10/2018,927213395-5,Xinet,1/27/2020
89defb45-20cf-48ab-b84d-17b89bc48957,2/4/2019,174607312-8,IxLoad,8/9/2019
7815cb98-a888-485d-83e0-d270fc208cfd,10/1/2020,891884285-6,Solar PV,6/29/2018
17f94b2e-0a7f-45fa-a95e-562e6c4ee2aa,8/15/2019,838885029-6,Classroom Management,4/12/2019
a4f56b1c-6faa-496b-ac01-dae8ecfe0816,9/10/2019,994020515-5,LAN-WAN,4/27/2020
0736eaeb-d8e7-4d7e-b367-9992c124f292,9/13/2019,310449407-X,Dubbing,4/10/2019
e8364bf2-8d63-4166-9875-ab8591cf0de8,12/4/2018,067640316-6,ESL,10/12/2019
2a74a945-ffca-428d-98c0-1a4adfa40e51,10/25/2019,717096926-2,Medical Nutrition Therapy,3/3/2020
aa946a92-5927-4fe7-a1d1-620380c05634,6/4/2020,659981490-5,TMF,1/5/2018
9d5aaf24-679e-4f6c-9a2c-37e00839edfa,5/12/2020,423143113-2,Brand Development,8/11/2020
a782913d-6c6a-4c2f-8db1-087ddf3eff1c,6/25/2020,788406789-7,Credit Analysis,6/20/2020
c7f25191-f4b3-4264-9156-5792aaae0443,1/4/2019,286770036-1,NHS Commissioning,8/28/2020
d5b2b3aa-d3be-401f-950c-0ddf870133df,4/20/2020,787282653-4,Rx,7/5/2020
c08a63ba-f91a-43fa-a330-f3d7658fbb82,4/28/2018,184233720-3,HL7,7/10/2018
d4f1b8f6-d5a7-4cdd-8bb1-5f68ae172f0f,4/15/2019,831667551-X,PDMS,5/12/2020
d308bb33-d957-41dd-8a8a-9229e4fabaea,11/12/2019,119290061-8,Equity Capital Markets,11/24/2019
2c9961c0-701e-4049-975c-a54b3ba506cd,8/30/2018,381370181-6,MCSA,2/26/2018
6d0f9d65-5460-41d9-9e11-9efff2a07bbf,3/31/2018,287040560-X,CFK,4/28/2019
6fdde849-cb63-46d2-8ced-83f52e265f66,8/15/2020,769163843-4,Static Timing Analysis,10/9/2020
1061df71-4d97-46b8-8394-f55c1d6df517,6/15/2020,866866583-9,Game Design,11/4/2018
b38434cd-99bb-4f73-bf24-0c971346e90c,4/26/2018,872901895-1,Consumer Electronics,6/30/2018
333c4ed8-bd4d-43e3-b07c-0aa8d4012886,8/5/2018,408777356-6,Oracle HR,11/19/2017
588787d7-07d1-42f0-babe-65bdd8d060d6,8/4/2018,389749162-1,CCU,11/20/2018
ec71069c-735f-4202-894d-bb0b984f5ebf,1/13/2020,735450509-9,TMF,6/4/2019
33679844-5e77-463c-b60b-f855a4b1dfe3,2/5/2018,150997224-2,MQL4,11/12/2017
037f8f53-bd3a-4f0c-adc9-fec3c5752d04,10/22/2020,468405181-1,Improvisation,5/5/2020
de3a0b7e-11d4-45a4-93eb-0e70304f57f8,7/15/2019,022965520-3,CVS,3/19/2019
e3dc8d84-a385-4eeb-b6f6-f5d405f7a7a0,8/21/2020,202196612-7,Ventilation,8/5/2019
9ca7eae5-b537-4c02-9100-56d8f69cfd05,7/22/2019,746427455-5,RNA Biology,2/20/2020
778eb176-1f3e-4566-8105-10fcfde66eac,6/26/2019,797310529-8,Kidney Transplant,12/20/2017
53ede778-bc38-46bb-ae92-6bfb00bbbe7d,8/30/2020,558331757-4,VSA,10/18/2018
1969d3ff-960a-4b2d-87a9-91bc84d6b0c5,9/13/2019,763887121-9,Slogans,8/20/2020
b9e3ca6b-6463-486a-b1a5-b1a54f2f6951,8/16/2018,831636752-1,cGMP manufacturing,7/18/2019
8fd7d92d-8fcf-48bb-94d8-4399cc53555b,9/3/2019,482787069-1,CCNP,10/27/2019
bef2b5bb-4dc9-4029-a0cb-a5f546e55121,10/7/2019,591686310-1,PCI Standards,8/21/2018
54e9dc3a-cf00-4fc3-b3df-8508fca38b8a,5/8/2019,805359153-1,Glazing,10/9/2019
8d319e5c-444f-4d48-ab45-1b63b20d65be,4/23/2018,192089188-9,Ektron Content Management System,8/7/2018
290ada9c-d4f3-440c-b3f5-81f1ce332011,4/7/2019,290539979-1,Honeywell DCS,4/27/2019
8c4c43d3-37cd-457a-bd0e-d79f062ba2c4,9/11/2018,419700848-1,Xajax,7/11/2019
03f44099-fee8-411a-a0b8-5c5fa8bc5cca,6/7/2019,180694488-X,Latin America,4/30/2019
1937f230-f0cf-4151-890f-b393d5c734ba,5/2/2019,989629716-9,iOS,4/11/2020
f3e936e4-a89c-46c4-ac41-95f3000a3021,6/16/2018,708678476-1,TVPaint,8/26/2019
0898f085-70bc-4d84-a6ee-de183700f30b,9/8/2020,251328359-7,PMO Services,8/25/2020
4859e424-51a7-4661-8169-5e69c9f28fad,12/22/2019,866082583-7,Facilities Management,5/29/2020
4cd842f9-3967-495e-a6c9-83a968f9bcde,4/27/2020,898392096-3,RUP Methodologies,12/5/2018
b131ffc9-b580-4b47-b9d2-6427dcbde852,9/11/2018,332630274-6,NMR Spectroscopy,4/14/2019
2138a297-4c3f-497c-bdb7-1cd73964ae7e,7/21/2019,606266216-9,Hydropower,5/23/2020
e5d7c830-cef5-4176-9305-e82d9a54d7c4,8/14/2020,712498638-9,Utility Construction,7/3/2018
ba29cee0-6a90-417c-af63-2bccb550042a,4/21/2018,691894713-3,Childhood Obesity,11/13/2018
165712ef-b080-4542-a892-4fc9ba4372cf,4/26/2018,816872343-0,Cost Accounting,9/21/2019
eb211268-24c0-4646-9538-242465d966bf,1/3/2020,225975740-5,VNA,10/31/2018
36c561d1-c0a8-4297-b89b-3949a24a4199,5/12/2020,020637257-4,YUI,3/9/2020
d479a87d-89ec-4a76-b5d3-1a11a94a23f5,9/17/2018,745778404-7,uDig,12/14/2018
b5f17614-8067-426f-9a0f-bd80fedd5966,5/7/2020,032766347-2,Packaging,1/4/2020
09691e2c-9e44-43db-b1d4-b81e860d1927,10/31/2019,354685046-7,BTS Installation,6/29/2020
a40f854b-a906-4693-a00a-33685c458ae3,11/19/2017,930642392-6,IXIA,9/19/2020
47fedd6e-4d7b-44a2-bed3-21459b866af7,5/2/2020,606939965-X,IEEE 802.3,10/6/2019
3e8986f2-e95f-4e9e-b0b1-915249a5a80a,1/9/2020,252196463-8,RNA Isolation,4/17/2018
25e68319-a033-4f1a-9a17-5c65e4f24b7b,11/11/2017,436204939-8,Eplan,1/14/2019
2da29dab-1853-4d24-98fb-48c2c8f1da59,9/6/2019,870855437-4,NTP,12/13/2019
915fa3be-9016-42d4-956e-81d26f112896,1/24/2018,936392255-3,TUPE,11/24/2019
22853e3d-c5b8-40ab-abc2-bf5b76cf4add,10/4/2019,365028217-8,Guided Reading,6/6/2020
5b53bc49-8665-4c5c-a41e-c891bd55eb0b,4/22/2019,274699504-2,DST,3/3/2020
6a8aa625-53b8-4059-9bbd-e5095ecd3629,12/14/2018,105703278-6,Trials,9/13/2018
f5c9c936-bc90-47b7-aad7-b4d2841e725b,4/26/2018,076578629-X,Mergers &amp; Acquisitions,2/3/2019
f16c2d47-43ff-4232-b309-1021526584c1,3/30/2020,176909849-6,Syslog-ng,10/30/2019
c64d5e67-f082-432d-a036-8f6fc1fcdffc,5/6/2018,581656127-8,CPAP,3/27/2018
774560b4-fe00-4547-b6f2-3359cc7588d6,4/26/2019,631882111-2,iPad Development,7/21/2019
90c06dd9-a579-4559-955e-98410b562ff1,4/4/2019,792701477-3,Runway,9/29/2020
9ce7222f-9487-42bc-b4ca-d2b380640a0e,2/24/2019,001065015-6,JCreator,6/27/2019
49953178-6060-4edd-b435-cd2ec4d145c3,9/26/2020,870046611-5,Economic Policy,3/21/2020
52adacd7-86b1-4044-bec7-46af50d4cd69,1/25/2020,597148095-2,Drilling,2/26/2018
17091d3c-f505-4868-a4f2-a2d4b1a8d1a1,12/14/2017,070998951-2,Infor XA,10/26/2019
e1e966b9-cefe-47f8-9f74-c8b757595654,9/20/2018,444369187-1,Cell Biology,1/9/2020
00e98210-188e-483b-b355-6f885414e976,11/10/2019,749575001-4,Dysphagia,9/25/2018
999e0241-36ea-425a-b5e2-da769484c74b,6/26/2020,734597066-3,Web Applications,8/3/2018
cbcfe022-5a73-496b-acaf-fbf1873fb804,3/11/2018,991673953-6,Hiring,11/21/2018
0ad8fa5d-d729-4845-8145-7c16645bddf4,10/2/2020,456362931-6,PVSyst,5/8/2018
31c3b37c-9dc9-4b85-8c65-fbba6820ec32,11/20/2018,732271825-9,Sales Operations,1/17/2018
b4690afc-5304-413e-ac94-7614e62c1775,7/4/2020,421803584-9,iReport,4/22/2019
4deef63c-8a07-4f0a-b4a7-391c01e89aaa,6/14/2020,593182733-1,OLEDs,9/16/2018
86bacba1-91b3-4548-a6f5-cf8b36247d61,5/5/2018,777667680-2,XCOM,3/19/2018
f0bb3167-7aea-4c0a-8dbd-b4ae0110a514,4/3/2019,404011558-9,Irrigation,11/2/2018
10a63b34-93f2-4142-ac18-993ed231b3f3,6/25/2019,122196419-4,Construction Management,6/14/2018
86b83930-aeb4-43b2-84e5-98bf1af69c48,3/12/2019,764931765-X,JBuilder,1/18/2018
9fef9695-5588-4a92-894a-b907e7d3cb70,9/13/2019,695158895-3,Civil Litigation,12/27/2017
22c9bcca-c9bd-4644-97de-b0655dc92838,10/7/2018,933979144-4,DMAIC,8/7/2020
3012963a-b706-4ba5-b25c-49359b36c740,2/4/2020,510075710-8,HNI,8/27/2020
c023cd45-d378-441f-be20-151e86866419,6/9/2018,362707862-4,Product Life Cycle,1/30/2018
894c8b44-7e4c-4b7b-8038-e84932d9c38d,4/19/2020,309848699-6,RPG Free,12/16/2017
17f51127-be33-49a2-985a-a5ada101fdb4,5/2/2020,405463525-3,WS,3/20/2020
b58e2719-679a-4116-9a3a-a59fb9620ba8,12/27/2019,497451324-9,Art,9/20/2019
c499cffe-61b1-4936-bdda-39fe6cd70ba2,9/5/2019,200255770-5,Digital Signage,5/17/2020
9174fa34-ea41-4986-b5d4-35464d1bc61f,12/30/2018,082147236-4,SNA,5/6/2018
f04445aa-de7c-488d-b076-3544b2ec26c7,10/5/2020,049110904-0,Warehousing,12/22/2019
6ca3257d-0998-4a5e-83d3-34b17589bede,8/31/2020,414815703-7,Java Applets,7/7/2020
cc2ec4de-d849-4b36-8b83-2cafda7811cf,10/16/2020,025313774-8,AutoCAD,11/25/2019
ffd92efa-500f-47a3-888f-4299c6379243,3/21/2018,928758477-X,Brain Gym,5/22/2020
ec2f0f9e-8a72-4ccf-880b-c41e6e521bcc,3/6/2020,541673327-6,Jimmy Jib,7/30/2018
66501c2f-6232-4d59-9c94-8fd2d633aaf1,12/26/2017,376179642-0,Reaction Kinetics,1/21/2020
b2fbd07f-53c7-4e23-9b1e-c995257a1850,7/2/2019,236643237-2,European History,10/26/2018
7ae42301-e909-479b-ad1a-cb41944bacdf,10/6/2019,704611516-8,Copywriting,3/25/2020
b0332459-d7e1-4b04-9269-8b950725895e,2/9/2018,451148752-9,Nightlife,6/14/2020
44df773d-ebe0-49f0-9c03-858177fa9e42,11/17/2019,476906427-6,Scripting,6/20/2019
0735ec5c-f5f6-4acf-8cb9-6920025dfe19,6/12/2019,162410631-5,OKI,3/9/2019
6c8d2acd-d6d2-49c2-ba70-ee9caff37aaa,12/16/2018,201431916-2,TCAP,3/23/2020
575fef06-970f-49ed-a8ba-14d306f9f06f,1/16/2018,636621613-4,Food Industry,6/22/2019
5df32679-9212-4e61-a6d4-e6cbb95a22ac,9/25/2020,270140120-8,Buyers,3/13/2019
53120ff6-d7b6-4d60-a477-40af74185138,10/4/2018,626740728-4,FTP software,1/25/2019
98eb0a53-dce8-4dce-a67c-0b9f6099b964,8/15/2019,843968183-6,NX Unigraphics,4/21/2019
3b3bde7a-dd80-4765-a784-52f45873c2fb,9/4/2019,875446083-2,PMP,12/9/2018
298be2ae-935e-4e94-bf49-9e2c3708dea8,9/4/2019,069255133-6,SQL DB2,7/30/2019
890bd769-b814-4827-8d48-c4be32e06463,9/16/2018,155988992-6,Banners,9/10/2019
affcae74-2efe-426b-b54f-e047443ccdbd,4/9/2020,074959559-0,Luxury,8/2/2019
2f237822-2eb7-4441-8a61-3b0edccbb32f,10/21/2020,743280345-5,QA Engineering,4/18/2020
23245ce1-5fde-420f-a970-3f2fa7c2fb62,7/31/2020,749318448-8,RTP,9/22/2019
f21e387e-e0d2-454f-92d0-4f4cf174bbdf,6/28/2018,731654374-4,Internet Yellow Pages,1/31/2018
c01414c6-0890-4199-b767-e7e52591c152,4/4/2019,261746882-8,Fashion Design,10/7/2020
d4c6ab32-dffc-45dc-922a-a288054d3f29,7/15/2018,775900753-1,Guitar Playing,3/23/2020
2207db5b-9e66-40fb-80f5-87ff445621bc,2/17/2019,522685041-7,OBIEE,9/23/2018
95c2e9a4-b7e1-4099-8d65-7b2ec2b4565e,3/17/2018,919835755-7,Total Cost of Ownership,2/14/2018
1ce544cd-c9e0-4815-be6e-ebb8fb9f0146,7/5/2020,267068348-7,Bash,3/3/2019
e7198e66-f6c7-4a5a-a351-6dcff42980c2,3/25/2018,907981104-1,Aquatic Therapy,7/23/2019
1ef9d76e-d157-419d-9dc4-0ffade4237b4,10/27/2018,547175698-3,Theology,4/29/2018
0b01fb4d-c15c-4764-9d4a-81744290c26c,12/21/2017,739797359-0,AX 2009,4/26/2020
44050e38-314b-4618-8b99-c3b5d1ea97d1,7/6/2019,733396385-3,Structural Dynamics,11/25/2018
df6695dd-08ae-48a3-89df-fb9d916df172,8/14/2018,488346150-5,Agriculture,12/14/2017
f7354192-0cf3-456b-b5b8-188841e544eb,10/2/2020,428626046-1,Executive Management,2/15/2020
3d7e35df-76df-498f-bf0c-14a8fda5da5b,7/11/2019,749936000-8,Historical Research,3/30/2018
6fa3fef9-9c97-41c9-b637-e5b41a1af732,9/8/2020,830030389-8,Intercollegiate Athletics,1/7/2018
7a73112e-5e06-4e28-9fd2-d9e752fc18e5,11/21/2018,059525025-4,CQB,12/18/2019
ae48ee7e-c539-43b8-9274-5d738389ad55,4/26/2020,526364092-7,OLE,7/10/2020
1978c125-0217-46db-b4f5-a6ad15d0607d,12/19/2017,497664003-5,Manufacturing,4/26/2019
547d91d7-8a38-4802-8baa-21547c76eed0,11/7/2019,626162613-8,DTDs,11/16/2019
b52cc121-6c51-42e8-8957-65d98ed1a9cf,12/18/2017,200184853-6,Underscore.js,1/10/2019
bb37b8cc-2c12-4d35-a31e-aa9ee41efe70,6/4/2019,628206295-0,Criminal Law,4/11/2018
2e6ae1e1-1046-47cb-86f3-5df8c299a303,5/3/2018,048947173-0,Switching,2/24/2018
20a835e3-0f5e-4298-91fd-853e68ff95a5,6/28/2018,438955322-4,Offshore Operations,11/12/2019
85f9668a-00d9-43e2-87c0-59fb04cbef16,12/15/2019,392442058-0,UCP,4/10/2020
1e567f82-a9a3-4e9a-88cd-ed52bf087d7f,5/2/2019,750070686-3,Zoomerang,7/5/2018
bc297139-a7ee-40c1-a156-980c9f610ad9,2/6/2019,385108304-0,OHSAS 18001,9/10/2019
2ecfc76d-86df-4ccb-be24-9e70f5d3bf5e,10/5/2020,387606457-0,MCAD,6/24/2019
fdfed5ec-35ba-46ae-9798-3e38b9a1cce7,4/2/2020,810804953-9,Clinical Trials,6/2/2020
a7b2efea-fe1e-46bb-9a1d-89f36a77490b,2/18/2019,888547033-5,EEM,9/19/2019
7ac1d36c-5cb5-4ddd-b3a6-df60831540c6,10/3/2018,619430265-8,SSD,5/19/2018
e3db6d7a-7d03-456d-8bbf-3b55573d1e60,7/14/2019,035632232-7,Taleo,3/16/2018
833d40c8-fe36-4964-a3fe-ca48030e15ab,7/23/2019,555659654-9,MQSI,9/29/2020
dd73145d-e84a-426a-9986-6defd85ea026,9/21/2018,171818815-3,Pay TV,12/20/2017
73821430-1185-4d55-86b5-29a6787a2b3f,12/2/2017,268548236-9,iOS Design,9/12/2020
72e75cf6-8eec-4445-9003-e17b9ec1842e,9/4/2019,320658886-3,UML Tools,1/2/2019
3e896fba-504d-4164-806d-384c2c70fd2d,1/14/2018,465999502-X,CVM,3/27/2019
04122dfa-7900-4092-92b1-7c19316c8675,3/9/2019,280991792-2,VCM,5/18/2019
d0125656-ae3a-4ab7-8361-4c1c59c197f8,10/29/2018,942188644-5,Succession Planning,3/15/2018
4eae4880-5df3-429f-b9b4-e5e84fedfb9e,11/24/2018,320465361-7,xCAT,4/28/2018
384fe565-8227-4032-8be3-1f9475f1c82e,4/15/2018,742456346-7,Atmel AVR,6/16/2019
34197450-ef77-4bcd-86be-481c8e502642,7/16/2019,803199794-2,Myofascial Release Therapy,8/22/2018
838806d1-3737-48ac-a5c7-9f31b00ce612,3/5/2020,462041460-3,UDP,8/19/2020
839d9e56-4201-4db3-88a0-f944e6259be6,7/6/2018,953638917-7,Environmental Management Systems,7/27/2018
0cb4783f-0543-4cdb-85f4-44dcf55c53dc,3/6/2018,320024990-0,Literacy,7/2/2018
ef141f20-ffe1-49d1-96ca-37e686a39999,7/17/2020,534958119-8,VPM,12/4/2018
f0605195-1098-4f5e-9b28-9f669a02211d,5/17/2019,927975712-1,DC-9,7/7/2018
7dce2f3a-7a1d-489f-9bb6-c332286a4bc8,2/3/2018,056977414-4,DP,8/28/2019
8d6876ae-98ae-4c90-be74-923e48b8d3dc,12/4/2018,113958520-7,Blogger,9/6/2019
982dbd64-e374-4262-99b1-741d7c682dd2,10/12/2019,243013485-3,LSL,11/17/2019
f1341528-dfd6-4596-ba24-cb2503ac2dcd,1/24/2018,087872174-6,ODBC,6/27/2019
f0aa612b-ae02-4d42-a0bb-e9ce881a706e,2/11/2018,691704767-8,WBEM,12/30/2018
13174067-f7ef-40f9-ab13-c13f769db761,6/21/2020,269754848-3,XAMPP,12/8/2017
997931d6-c0d2-43cf-92f3-edb60e08673a,2/3/2019,734160075-6,RPG II,12/3/2018
514db076-d8e5-409e-8af8-f7a653de4add,2/26/2020,861373116-3,DGFT,7/3/2019
98a0d502-2373-448e-b08e-ed24b46708c5,10/17/2019,116908842-2,Flash,3/4/2020
b11c6b8b-1490-422c-be09-f2a867b37989,8/28/2018,896469570-4,Alcohol Awareness,6/16/2018
6d8f18cb-e81f-497a-8351-c48c2c5d92d6,5/18/2020,798208984-4,IT Infrastructure Management,12/8/2018
8bb958b3-1c49-4a8d-b6cb-6c76e538ddbc,10/23/2020,105339360-1,Ticket Sales,3/20/2020
016a0793-2cba-4440-949f-f1486d508a1b,8/15/2019,654471296-5,JSLint,2/21/2018
742d99b4-e3a7-4798-aeb6-94209b700daa,1/19/2020,741539413-5,BMC Remedy User,12/1/2017
12117d23-0ed1-4e77-85ff-887db2c8a32b,3/14/2019,683830180-6,OTN,8/22/2020
ee05cab8-190b-4d9f-8ff6-b72a09aaee7b,4/24/2020,332705136-4,Nuke,8/7/2020
4102d67c-8075-4690-a4f9-f6297a1fd3f8,7/28/2019,677292700-1,LPC,7/9/2019
42bdbc59-917b-4c6a-8694-ef2fd2ea7f99,4/6/2018,708472071-5,Budget Oversight,1/17/2018
2807b495-464b-4ec6-898f-2c940a5a9445,3/21/2020,721281906-9,Network Administration,1/1/2019
f284a473-7c7c-4df8-b77c-7220f0dbb7fc,1/15/2020,569390805-4,Jeep,3/10/2020
999edfd6-b4d1-43d7-9667-82c7f356d701,12/14/2018,759214432-8,Alcohol Awareness,5/14/2020
946df774-3584-47aa-a5c8-7d3326803e17,3/8/2018,805020618-1,Physicians,7/23/2020
6df2690e-b880-4905-a287-cefff381167f,4/18/2020,321889886-2,LaTeX,2/8/2019
be20d4c9-6ad1-4773-93c8-78809fe6758d,8/5/2020,274185172-7,Warehousing,11/6/2019
579eb708-3b51-416d-b643-812419d85aaf,9/3/2020,770888279-6,Title IV,7/14/2018
ee7aa0fd-7a26-4079-acae-ca5eb1ffbeb7,4/29/2019,904924952-3,Litigation,10/21/2018
4c16d46d-816f-4d23-9861-f59ab6522d92,10/28/2018,553851817-5,CQC,12/6/2018
709037f2-ead8-4462-8081-3f9e66a9c5f4,5/3/2018,797568017-6,Rugby Union,2/12/2019
9703037e-37c8-422c-8828-20e2bbbea440,2/6/2020,719847273-7,Windows 7,2/14/2018
e707fa1b-8bd0-4a8e-adec-3dc9db94575b,3/22/2018,900773178-5,Bookkeeping,10/7/2020
2d5d6198-eff5-41ea-9323-99bfc747c6f0,3/4/2019,536121596-1,Natural Resource Management,12/29/2019
81db5819-49be-4c65-a4d7-1ad20903109e,1/13/2018,625328267-0,MPE,3/26/2020
668717c1-7375-489c-b681-c812b467530c,9/10/2019,136719919-0,Cluster,4/17/2019
ae628716-23ff-4516-abd1-fdb7f9f5e4c3,4/12/2018,104756300-2,EEO,1/1/2020
d356227e-3cad-4f01-8846-0877c8a94d4c,2/20/2019,354585191-5,Switching,6/30/2019
8f5609bf-bde5-4c87-b95c-ef195e5f4362,12/6/2019,211446631-0,VLDB,9/29/2018
d36e1bf3-db39-49cc-aa12-8be86db742fc,8/14/2020,173672946-2,GSD,10/3/2020
95006f25-6cc0-4df8-99c7-a6eedc096c28,11/25/2019,071548293-9,WebSphere Application Server,11/24/2018
db8c4a67-4f43-42f4-a973-7d75637e31c3,8/21/2020,562774889-3,SWOT analysis,3/13/2020
13ee0175-2b12-4965-a8d5-b43f3b46f8c5,10/25/2020,631130665-4,Cluster,2/7/2020
dc3b12d4-a463-4bd6-b101-54d907a5aec6,1/14/2018,018602859-8,SG&amp;A,6/7/2018
72bf0064-8aca-439d-ad63-32dfcad15bc3,1/24/2019,196541943-7,Sports Medicine,9/2/2020
e75ecc02-8758-48bf-816e-da9c7108daab,11/3/2019,693845035-8,Social Media Outreach,5/16/2019
8ced4da4-3be7-4813-bbcd-5bf272220fe7,10/15/2020,706936216-1,RV,4/17/2020
88b445d2-f680-4c8a-ae3d-ff656b8f47af,8/27/2018,612834751-7,SWAT,12/21/2018
cb77995c-4aa6-4b8f-a2b8-71d9c1603f7a,5/15/2019,488095492-6,TSW,2/6/2019
a77c7e78-5d12-4b62-8caf-57ac224327f0,7/31/2020,533908586-4,Typing,11/8/2020
8d845047-4d99-4181-bbc1-c06bb6598b02,4/28/2018,659430223-X,White Collar Criminal Defense,1/20/2018
4ef64bb7-6835-4056-acdd-1c6a8737c53d,10/9/2020,063793310-9,DMT,10/19/2019
74a572be-c188-4c10-b3d3-35985ad638fe,10/27/2018,813544922-4,Class Actions,8/22/2020
c3794ed0-a5e2-4e6d-aa4b-f7418b970e3c,10/11/2020,396743212-2,Mycology,9/23/2019
8194bb7e-69bc-40b7-a481-9321cbff8844,3/14/2018,756766168-3,MMO,8/20/2020
4ce601dd-6790-46b1-87f1-54c60a04eb64,2/19/2020,724057646-9,VMS,4/10/2018
1783764c-4326-4904-bbf0-ce03e7e744fc,12/27/2018,708595860-X,AMBA AHB,11/7/2019
35a72f97-36c7-4b6a-8caf-8e44d91de8f6,3/5/2018,674203521-8,PVElite,4/12/2020
478380e5-c960-46ef-8697-4d14821c4b4b,10/26/2018,916442266-6,MTOs,1/22/2018
72822512-cfec-4511-97d7-93e8a09d20d3,10/3/2018,996433774-4,FDA GMP,7/11/2019
16c76574-f2d2-472f-bb71-14e0ea27b341,9/15/2019,051430696-3,Olympic,8/12/2020
2e13eb0e-4aa7-41d9-908d-02166b3a423a,12/3/2018,334910618-8,Emergency Services,7/19/2020
c6842a24-e0b9-41b3-bd19-957685da8ce6,10/18/2018,891168710-3,JDK,2/8/2019
d48a1105-bcad-4c69-81c3-a99d8dfb4418,11/14/2018,605842671-5,Organizational Behavior,5/4/2018
e213045b-ceb1-43c1-afa5-6ef310f33e9c,2/7/2019,028199497-8,PK/PD,5/21/2019
940424ab-cc16-45d6-b55e-de7e3a8d35a7,5/27/2020,783505127-3,Entertainment,12/14/2019
dd8e5387-757e-4e75-afc1-b749bf576ca8,7/21/2019,247039131-8,Komodo Edit,3/13/2019
a8049abc-5db7-402a-b7eb-85418e2b9a44,9/5/2018,743176990-3,Operational Risk Management,5/30/2020
d1dd087a-2d94-433f-b11f-df269967fc78,11/21/2018,433432837-7,Rhino,12/11/2019
d45a641e-44ef-4196-bc5f-f832ae01eef0,5/24/2020,638116749-1,vBulletin,9/11/2020
00fa5ebd-ab19-42d6-a76d-128e58daaf1e,11/26/2019,851514118-3,Sports Writing,3/24/2020
2dba7af3-1167-4e2b-85ea-35fc10957cdd,10/15/2019,969046449-3,Agile Project Management,5/30/2019
6a58bd3d-8768-4d7f-a373-3503bfb39261,11/15/2018,264527807-8,Certified DDI Facilitator,5/28/2018
d1b35762-6604-46a3-b6cf-a86d3cbfc194,9/21/2020,675533099-X,Statistical Data Analysis,6/23/2019
cac2b091-efb5-46c1-854d-cc7d69275e6b,12/5/2017,148945174-9,MQL,5/12/2019
aa2070ee-c3bc-4898-91d2-7412a7b21807,1/13/2019,602742529-6,RNA,3/10/2018
4362ad51-7b88-4948-95e9-4c4fd177f0ba,10/8/2020,464566296-1,Treatment,12/12/2019
1707bdff-f9c8-4919-9c6e-9feaa5524c9d,6/12/2018,716994225-9,HP EVA,2/14/2020
4af30c26-3a0c-4451-8ac3-7219cb29d239,12/28/2018,048417129-1,Private Equity,3/26/2018
e8b678cd-8b16-439c-a68a-45b2b59c04a9,6/22/2018,114438682-9,CNC Mill,1/28/2019
bf1e2ed9-1b92-42ea-ba2b-22829067a6ff,8/26/2018,597916880-X,LTO,12/28/2018
e8ffe28a-c2d8-4996-a048-3d345d44b2dd,3/14/2018,315819775-8,GSD,6/2/2020
559ea79a-1e1a-41e4-8755-4349a4fc1444,9/7/2018,840037864-4,Sales Operations,1/25/2019
4c36e7b4-f08a-4a78-8619-fb5a66455292,4/14/2018,180569189-9,Call Centers,12/20/2017
282fff37-c0f8-4fea-b142-844e66c5c99d,4/6/2020,443631771-4,Appointment Scheduling,9/22/2018
df8db487-54d7-417e-a564-a506f3eabb42,6/2/2020,757650497-8,Hibernate,6/2/2018
1651abbb-9d1a-4304-bcc3-0faede3a1e90,1/6/2019,671488491-5,MQL4,12/21/2019
8b80f9be-6785-47e4-8f14-6e738595b6cb,2/9/2020,121732451-8,Fashion Shows,11/29/2018
0c51111c-795e-4207-9038-d9a2efe88aa2,1/31/2019,998284594-2,Lyophilization,8/28/2018
c5c0db1e-f58a-4ea2-92a9-d2047ab9ffa9,11/15/2019,423163725-3,Embedded Software,8/3/2018
daba8ebb-001e-44e6-af8e-a2d21d15c66d,11/11/2017,383838149-1,Creative Non-fiction,7/8/2019
bc0a8174-834f-406c-85f9-861b77a907f1,7/25/2019,954673064-5,PCI DSS,11/10/2019
8c0c5d1b-f84d-4f02-bf71-3e312d2e8acc,12/8/2018,740817303-X,Root Cause Analysis,11/6/2019
5b5b7251-4ce2-4c74-af39-5013fb1beaea,2/25/2018,615318513-4,Myers-Briggs Certified,6/18/2019
938f9189-50b0-4a78-8d35-ff5adb2ad8da,11/18/2018,963997631-8,NSS,7/13/2019
58a72c8d-fc4c-49e7-a84f-103396b55788,8/13/2020,724817812-8,Essbase,6/17/2019
9cec1121-be81-4ac3-bfbf-a106c5fd98c0,7/22/2020,720474900-6,Floor Plans,5/31/2018
0c5ea96d-6ccb-4d4a-8120-5d115db26e10,9/28/2020,062014055-0,MVA,1/2/2020
f62994b0-c3a4-4929-910c-59ddb60c4019,12/20/2019,873307458-5,NTP,7/14/2018
a1aa6d3b-ec1d-45fb-b8be-65d99bcf3e90,6/23/2020,126372385-3,McKesson PACS,2/24/2018
a2212734-7f58-4c3c-bc39-336602ebed1b,5/25/2018,221479634-7,GPS Devices,5/5/2018
d458f75e-993b-4738-a1a6-09f04528c635,5/25/2019,769817299-6,Estate Jewelry,12/31/2017
413a6291-7f99-45e2-8259-48d860b6d9ec,6/30/2020,631080655-6,JSLint,9/19/2019
9a70e8c4-1727-40c4-b760-1d05a7c0224b,2/9/2019,065873640-X,BTE,4/24/2020
05296206-26a0-4291-8ead-2fdfed9d2526,1/26/2018,469590271-0,IMS DB/DC,11/24/2017
4161c61a-d629-4e9e-a139-1ca7279b5593,6/19/2019,148989325-3,Medical Devices,7/21/2020
ce05bcd3-d96a-4300-833e-fa902ea73bb2,10/18/2020,526807219-6,Strategic Sourcing,1/28/2019
94ec242a-da81-4232-8973-126e5ce262e8,10/19/2020,418787551-4,MQL,1/18/2019
df0877db-6d9e-4e31-898c-42c90709b00e,4/8/2018,754262198-X,Market Knowledge,9/12/2020
8dd25c16-6cc7-408b-b9a2-ff8d72a4859e,12/11/2018,145872604-5,IEEE,8/5/2018
87d6cd91-28b4-4ffc-8384-e732fd877194,6/20/2019,419238762-X,UCSC Genome Browser,8/7/2018
937e5d3e-aaf3-4cdb-a269-13e0eb6dde55,10/20/2018,960415617-9,Linux Kernel,3/30/2020
2b43fa4a-bc67-42f4-abb0-cc1388cf9564,11/25/2017,940901619-3,Tcsh,4/5/2018
938bf2ce-4ba5-4ec0-b391-d2f80a1db531,1/24/2020,233777966-1,NSA,5/1/2020
2ed9108a-0b29-4e94-a22c-8c5b5086b645,2/6/2020,157518875-9,VRU,9/19/2020
7c3b1ffb-761f-422d-bada-9e0fdff29cf2,2/2/2019,619441029-9,Shopper Marketing,12/27/2019
3fe4d611-2195-4782-b7fb-77897117f200,9/11/2019,555922961-X,Jewish Education,1/21/2020
a00e4654-1959-4dbb-8322-2ff1d2ac7daa,8/9/2019,412177140-0,TPC,4/4/2019
9642d779-c991-4afd-a5a1-9afafcc40637,12/3/2018,316264312-0,Outdoor Education,11/1/2020
be4c657a-3327-4cab-a7f2-49936b7c3297,11/14/2018,141363167-3,Credit Risk,9/17/2019
2ed26c1b-7c74-4f75-9e67-941c76801028,1/3/2020,721671805-4,Smart GWT,3/11/2020
b47eefa0-0ddd-4adf-94ba-e62d6a552c01,1/21/2019,460232758-3,Intercultural Awareness,12/18/2018
08747151-0246-4421-bb5e-3b9e5432e590,10/23/2020,031680912-8,CNC Mill,8/31/2019
281429f4-6a74-4f94-9d45-cab5a5449851,11/2/2018,937035947-8,Software Testing Life Cycle,2/21/2019
2ffb9702-b8e3-4e34-a5d7-79ae6920d020,1/7/2020,745623021-8,QML,7/16/2018
2ee18b2f-b93b-4d75-b035-2420f16cd871,7/13/2018,058074981-9,SR&amp;ED,3/7/2019
e76d66e8-5bc4-42b4-835b-b2ee16723f12,3/14/2019,469694286-4,Humanitarian Assistance,1/25/2019
6c7d39ac-74e5-46a2-b926-20b483e55c92,5/3/2019,770744928-2,Distribution Center Operations,11/23/2018
f015dbda-0bbc-4c9c-9279-ac29f6042b4b,8/22/2020,636040481-8,Land Use Planning,1/19/2019
ba41ab05-f47c-496f-9b54-72df203096d3,5/20/2019,862304923-3,New Business Development,7/3/2019
134edaa9-772a-4dcf-ac18-8438a13fbe42,1/26/2018,027459497-8,MRIS,3/15/2018
de7492f4-a717-474e-bdab-411938fb1d6f,2/1/2018,634129447-6,TL1,5/18/2020
e7dc4c28-c0c0-4ae8-abca-4bd90621339c,1/10/2019,231791030-4,VRRP,2/12/2019
99ec16a6-0da1-42ff-935f-0128e3d8850b,10/19/2020,111656928-0,JDBC,3/17/2018
d32621f7-6248-49e2-aef2-a25efe13b070,3/30/2018,007773361-4,BCA Protein Assay,3/4/2018
451b3051-c86e-47eb-9b57-13c785488538,10/20/2020,826092292-4,ILS,6/7/2019
e99cf273-74fc-48c2-bf16-f8be32c9c612,10/28/2019,476954425-1,Global Sourcing,1/30/2018
0b87a975-cf92-44ed-b78f-0a75ab49c544,4/15/2020,541161385-X,Vocational Rehabilitation,2/10/2018
95d02dfb-f67d-4aac-9af8-a058903b04ab,5/18/2018,398487172-4,Ultimate Frisbee,7/25/2019
ccc2bec9-f6cc-468a-a714-ce27abf937f9,12/26/2017,947196401-6,QNX,3/4/2019
9d66c04b-2e94-4b40-892d-e81abf62ea98,4/6/2019,510049966-4,Google Apps,9/22/2018
e8d2a0ef-27ab-4724-91b1-e1f3174f9026,3/6/2020,477059271-X,DV Cleared,10/10/2020
ec0165ee-6aca-43bd-b652-a68574490889,7/22/2020,610281804-0,Nursing,11/17/2018
3d777010-926e-4bd3-9bfa-bda24db0a413,12/3/2018,027456326-6,Townhomes,4/12/2019
ff478829-296d-48e8-a652-dc75a6369c8b,2/4/2018,598426651-2,Emergency Nursing,1/25/2019
c6371c5e-eb83-45bb-8b70-ee99f5f924c4,12/15/2017,901333174-2,PSpice,11/10/2017
10e1ad64-ad82-4468-b3a7-044424c32c92,4/19/2019,174488609-1,White Box Testing,2/23/2019
01b37ffb-c20e-45e3-affa-212f1d9a8292,6/14/2020,794885126-7,Small Business Development,1/16/2018
8c5ae607-78cb-4efb-81ed-838d24626d1e,3/9/2018,232783824-X,Multi-Unit,10/27/2020
e1b69dde-904f-4a06-b81d-bf4e72eb930c,10/28/2018,354745688-6,Residential Homes,8/3/2018
de57756c-9e75-4945-a341-901ed1bd667c,11/17/2017,969594794-8,FTSE 100,5/9/2018
b8b02a9c-76f1-4ccb-8c3a-e4b7f3c20709,11/21/2017,845015802-8,Eye Treatments,9/3/2018
62246328-4a0a-49df-810b-d34f50666b38,12/21/2019,048859856-7,SRAM,10/17/2019
f9b9fa08-040e-4413-b924-e483581d98f1,2/23/2019,386825106-5,solid-state NMR,2/28/2020
a4b8ea6b-7f8c-4599-9309-76ffecfb2f07,8/23/2020,804644905-9,Operational Due Diligence,11/6/2020
e47f184d-b753-417b-a6de-2342c978fd6b,8/28/2020,148387296-3,VMS,6/22/2018
cec3155d-71c7-4e56-b6c7-c07687b14340,6/10/2018,410864601-0,Perl,6/12/2018
95821a01-15a8-487e-b874-35560081fd59,3/11/2020,332299889-4,FSMS,7/17/2018
5ceec49d-30cb-4ae4-b621-9a3760d016ba,1/12/2020,188175514-2,Kickstart,10/5/2019
ffa74a09-2a71-4349-bd2f-7b9aaf802a9b,6/29/2018,626227470-7,MBCI,8/1/2019
e4ab60a1-058f-4c1c-8eaa-05a11157587b,5/27/2018,600434114-2,RFID,6/23/2019
689b02d6-e675-4bdd-977c-4469963a3971,10/18/2019,518886822-9,KPI Dashboards,3/22/2019
a43e7d01-13bf-44f9-acce-e349ccb144b6,11/22/2017,799042187-9,RUP,12/10/2018
3bbbd899-acc2-44e5-a39e-bf810f9e28fb,2/17/2018,859215524-X,ALM,8/22/2019
06c11f89-7c82-4b54-9e9c-9d59dffa9616,9/9/2019,480281012-1,Wealth Management,3/17/2019
55df75d9-1bd0-4a3a-8f49-4774b47beed2,4/4/2020,251176204-8,Slideshare,2/11/2018
1e314209-c7a8-49d1-8886-ef785aca34a2,8/24/2020,127225246-9,eTOM,2/29/2020
ce6a7d55-faa9-455b-a19b-dc00b27dadcd,8/23/2018,173647429-4,Chromatography,10/5/2020
91619256-727c-4ac6-8b2d-99a2e40ac577,10/5/2018,958877108-0,PDH,9/17/2020
34e9e632-372d-4cd8-a169-a85ef043eede,9/7/2019,020373417-3,Lotus Notes,7/5/2019
cb04d980-1af4-400f-abe8-1d2340ce313b,10/1/2019,995781186-X,Educational Outreach,4/7/2019
5adf4607-bce8-4d37-9eec-9abdd9c06fdf,6/8/2020,348996916-2,Financial Advisory,12/14/2018
09fb2671-f81c-44a4-a6fe-8f7941927b55,8/27/2020,068386736-9,BCLS,3/9/2018
a8dd54ee-6176-42bc-ad52-d68ca059ea32,9/16/2018,837357681-9,LLDPE,9/19/2018
0ece564e-6cc2-40d6-aec1-ec69c190d2c5,4/28/2018,477339007-7,Ozone,3/11/2020
86d69fc1-31ed-4859-8086-d0741b56542a,3/2/2018,130938268-9,Business Planning,3/26/2019
8b960644-9d81-4d12-bd6f-e4329f76b5ba,11/23/2017,234089499-9,Mysis,4/9/2020
33d2f6ee-2c05-49d5-b64c-de6e3a938cfd,6/7/2018,786498126-7,LVM,6/1/2020
60824eb0-fdd0-4129-9937-4d8c2f01f283,1/17/2018,877952750-7,IDoc,5/22/2018
5579788a-78d1-4b5a-bf38-f1b153f71d42,1/1/2018,804881487-0,UDP,1/13/2020
4a567a51-9a75-4a64-b6dc-5e3d16a30520,3/24/2019,790053836-4,Piano,3/2/2020
a88e2918-20f0-4e49-be17-e5e6a307f112,3/14/2019,114611543-1,EWP,2/15/2019
60e9aba0-f6da-47d0-a90b-24576a1400ed,3/24/2018,382126606-6,NXP,10/1/2018
d0542702-2f38-4b80-b5f1-630bc7b99b98,5/26/2018,165767685-4,CMMI Level 5,4/5/2019
a413658a-e638-46c6-8cb0-2beb9e3dab7e,2/27/2019,261828113-6,Rheumatoid Arthritis,2/23/2020
2e43cd4d-2ba7-4902-af3a-6294dc22682e,11/2/2018,711687267-1,VPython,9/4/2019
4eb6ec87-a468-48a3-9d39-5519f38bc5a0,10/6/2018,559696372-0,IR,4/18/2018
3fc530dc-b1a9-4158-82c3-e30b3746f962,10/28/2019,227191849-9,Local Government,4/27/2018
21e71489-b0cb-413f-b184-7051e0625af0,5/9/2018,454258036-9,Fixed Income,12/12/2019
7488b4ce-e53b-449c-b49c-e7060e21aa33,6/10/2018,583187313-7,Emotional Intelligence,12/20/2018
49d3746a-22cc-4044-b6cc-d3e2dcdee6c0,3/11/2019,443824022-0,MPIO,3/30/2020
0b407d8b-4932-4c71-a7a1-12fae53bfa66,12/21/2017,188981246-3,Skin Care Products,4/28/2020
925f1e3c-e626-4b1c-bbbd-5c44fcd33005,7/6/2020,998108896-X,Pipefitting,11/28/2019
2ad9af3b-b409-4d12-9ff1-905772a9a70c,3/25/2018,479224428-5,OS/390,7/22/2019
90620e19-1bf0-4bb7-970b-ca795d8152b3,2/14/2020,569308811-1,XAUI,10/23/2020
56fed26d-85ae-45ef-b0cd-deb86d2a2d59,4/9/2019,639871913-1,XFOIL,10/19/2018
bf648f9c-7946-42f4-8b6c-b38ceaf82f6d,11/11/2017,561289281-0,Pain Management,4/21/2020
024f6aaa-f65d-413b-b31f-29cf4d7f05ef,7/11/2020,209229650-7,RCP,9/25/2019
c673f00f-2d66-4ef3-a04c-89db232dff2c,1/25/2018,117157099-6,UCSC Genome Browser,1/6/2018
316f8462-74a8-4699-8447-f9b1f6be1b4a,8/21/2019,536348394-7,XNA,4/1/2018
ea566af1-3de4-46b7-9f70-b2a253e6c4c6,10/25/2019,691935340-7,PCM,9/20/2020
fde8e8ae-3519-4ff1-a3c7-463196e20987,8/22/2019,794528383-7,Non-profit Administration,9/12/2019
46eb1916-c027-4efe-9bcd-0b401df92f37,2/6/2020,714078591-0,System Deployment,1/28/2018
9da70130-4681-46f2-9920-f2fe0c8fd728,4/7/2018,780083958-3,Agronomy,8/8/2020
7ecbb683-6718-4d32-a256-0fb2015cfd44,3/20/2019,183117336-0,Due Diligence,6/14/2018
016b298c-e097-4c5e-bc6d-d963099d9f43,5/29/2019,824303471-4,Applied Kinesiology,2/12/2019
54f3a907-b6a6-4a29-ba3a-7067cb2bdeda,9/21/2019,491134933-6,Kernel,10/2/2020
ef318676-1575-4aab-871c-54111346e0b4,5/22/2019,753525634-1,Hazard Analysis,10/31/2019
07419ca0-b3d8-43ba-b75b-5ffa2e9b1f25,3/9/2018,043769172-1,First Year Experience,1/17/2018
622be812-2d5b-43b8-a384-d0a059ceef99,1/3/2020,751015290-9,International Human Rights,4/6/2018
32e088d8-e492-471d-b622-8a5bf6bcba1e,2/24/2020,548415742-0,RMX,9/17/2019
7c0d9a84-f49d-4656-9dc8-219ef83e8594,6/22/2019,924620249-X,GLP,12/25/2017
8c7b672d-0c0d-4d7e-abf2-4d04062fbd80,4/13/2018,292481294-1,ESL,4/23/2018
db0c36f4-ab02-488d-bb0f-4113c0f339b7,6/9/2018,800962321-0,Electronic Warfare,4/1/2020
50df4d76-1ff5-4232-bfab-406b3e8e6e0e,11/1/2018,632059072-6,Epidemiology,1/23/2020
8f0de043-7452-4c06-8c14-f390662d7f10,4/28/2019,205979218-5,FFA,9/2/2020
3605df30-f6c9-47ca-9c68-2c0c2abe0c06,12/14/2018,427232928-6,VTK,6/28/2018
cdbf08e7-b33c-4b81-ae3e-65dc1afe3a81,8/1/2020,879245877-7,Business Aviation,12/5/2019
0d1feae1-2cc4-4fe3-9adc-c4869fe83cce,3/28/2018,321098479-4,Business Development,11/3/2019
0a3d1967-2f64-45c3-a903-c86390df9285,1/15/2019,007752835-2,Differentiated Instruction,7/17/2018
54d2ac4a-5cd0-4ed8-b90e-437a5c7aff11,6/26/2019,273087322-8,Biology,7/26/2020
45a286ff-d9db-48b3-bf91-9249c6611618,11/7/2020,171733529-2,DVP&amp;R,4/24/2019
925849e1-0ca3-4801-aace-1766355e8720,12/29/2018,876160943-9,DQL,4/16/2018
f3c4b934-bda8-40cb-873f-59ed3fee91dc,5/15/2018,281409978-7,Catalyst Switches,10/7/2019
2cffe5fc-2dc2-4720-9cf3-cf8857b3fdb0,12/12/2019,491766418-7,PDMLink,12/28/2019
d660e46b-abd9-475c-908f-d9bdb64030a8,3/20/2019,345499907-3,First Time Home Sellers,7/1/2020
0781d051-56ae-44bc-8e31-0d22a2f424e7,6/24/2020,314598618-X,Childhood Obesity,3/26/2020
0fa5eb1b-5523-4631-95af-88917aa298c0,6/9/2020,637903946-5,BCA Protein Assay,7/22/2018
48367ee8-1d0c-4ac7-90b9-1848787da114,8/31/2018,541979857-3,Scrum,4/13/2020
a5bba928-f01d-409d-837f-fd9f7128eb71,6/21/2018,682633710-X,Electrical Design,5/8/2020
19ee542d-157f-4d77-9da0-2d576775e925,3/30/2020,540195696-7,Digital Printing,2/18/2020
d3963fb0-470d-4f8a-802d-c402e76ed1ec,8/12/2019,360499259-1,SNP genotyping,9/3/2020
7b1f97c8-0811-4142-9cf7-d612b79e826a,1/14/2019,977778263-2,Joomla,11/28/2018
d70d8794-dc49-4d37-8ee2-75305e85745f,9/6/2018,161872929-2,Zenoss,9/13/2020
04b69da8-3be1-4388-825c-11991340faa1,9/22/2018,454647570-5,OTL,8/22/2019
f1db6528-9af8-45f2-bce2-312e83e1d23a,12/18/2018,069437652-3,Conservation Issues,1/13/2018
c0e4e4ba-9697-433b-9dec-85bcae2c4d4f,10/13/2018,238126653-4,Therapeutic Areas,1/22/2018
539381e5-86b9-4282-bc09-5b561dd5b450,6/8/2020,912964341-4,EIFS,1/31/2019
405330b2-3534-452a-82d3-e4c3b3f8e016,2/12/2020,705333450-3,Jeep,6/10/2020
f4c1d819-1ee3-4bf6-b966-1b2d9f26d1d1,5/28/2020,772628349-1,PKCS#11,9/16/2019
c2c63ebf-6608-489a-98f1-dc5423824b9f,8/28/2020,251437499-5,JTAG,3/16/2020
1508c375-5e31-4fb5-be47-1ea93107bdce,8/16/2020,717830952-0,Urban,12/7/2017
fb8f2931-3aa8-4311-a058-5dfe52eacf55,2/26/2020,009347386-9,Twitter API,2/8/2020
febc3420-c99d-4745-8ba6-d21eac707259,3/13/2019,506601313-X,IOS Firewall,3/22/2018
4a17b2ce-f345-43a6-a21f-4d9e83ca49fc,3/25/2018,468517397-X,Negotiation,6/14/2018
879e5773-d668-4436-a7f2-8a5984fddaff,5/22/2018,507274211-3,Business Transformation,2/21/2020
f860887b-7c87-4b36-aa81-ac340c59d208,4/7/2020,785496048-8,Online Journalism,7/12/2020
7abb5876-2baf-4060-a023-a373978504b8,5/2/2018,061595601-7,MHP,4/18/2018
6c26ed8b-3740-4f63-adf4-2f5bf5a4bc2a,8/22/2019,057053395-3,Jasper Reports,2/3/2020
45ed5d61-0b4e-4ed6-bd0d-8a381bf51e78,8/6/2018,654236810-8,GTS,2/25/2020
2d05d272-e7a0-4e74-9259-978903372433,3/12/2020,577897792-1,Tortoise SVN,9/22/2019
1c2d837d-6409-4dec-8d12-cf96c045f428,10/11/2019,842017305-3,Grant Writing,8/25/2020
9a340fbe-0ed0-413b-a57d-b5b4f15ab554,3/2/2020,355527950-5,Copy Typing,9/27/2020
15b006b7-2960-49c8-865a-606fb0869adf,10/19/2019,390559066-2,Guerrilla Marketing,2/7/2020
c3bde8dd-8d1c-4035-9482-011563719dcc,8/5/2020,487302147-2,Footwear,5/23/2020
1c225cc1-9c32-415f-bb58-aea47cd30b75,6/2/2018,741746314-2,JUNOS,11/5/2019
55b80630-3393-4f58-bcef-15088330255d,5/9/2020,544571113-7,Estate Administration,3/22/2020
604cd59e-2bb9-4dc3-bf4d-d88e0bb7a8f5,1/11/2020,209907412-7,WYSIWYG Layout Tools,6/3/2019
8960cc61-3014-400e-a1a4-8e4f7fb21f8a,9/18/2019,585888944-1,QMF for Windows,11/28/2018
f85f2cc7-47fd-4317-8645-8eb0fe26a37a,5/25/2018,842736231-5,Full-life Cycle Recruiting,3/10/2018
b6fe32aa-e3b7-4535-b690-a00a16141396,10/1/2020,620516474-4,High Rise,5/7/2018
7467d80c-7740-4d1f-8868-8ad732ac7555,11/30/2017,685568050-X,MS Reporting Services,3/21/2018
47059e61-c5ba-432d-ad9e-4d487717c1ba,2/2/2020,850681445-6,Team Building,9/24/2020
47661785-acf5-4bca-bd16-e82b8a4c7ea1,12/9/2018,983635073-X,QI,7/29/2018
2b5cec5b-a85c-44ec-a84d-b66571b79fc8,8/2/2018,679903609-4,Environmental Science,5/29/2019
dd02a353-2ad0-4b2a-b6b9-b587b102d848,6/11/2020,413543341-3,Java RMI,11/2/2020
f7a78e03-bb8e-41d9-ad01-0180ab1adaca,10/29/2019,140022506-X,Eggplant,10/19/2018
e5e615f5-32a2-40e1-9824-1058fc897361,9/24/2019,867056850-0,Rail,10/13/2020
eaf022d1-699b-4b7f-a8d2-f04ece2d8249,12/29/2018,034612880-3,QR,4/21/2019
d72cc848-4773-4949-9b91-cada5aeae056,11/19/2017,204379226-1,PPA,2/11/2019
b4725e03-8997-464e-b383-43b8d13fa996,10/11/2018,116631450-2,BCMS,11/27/2018
5c20f51b-12ce-449c-adc0-d277b4a8d2ab,10/24/2019,445169720-4,Avid,6/21/2020
fc2b6ac2-72a1-4b71-9bbf-81ca9d53cafc,3/25/2020,697186232-5,Directing Others,10/19/2018
ec92085d-2f65-411f-8f6b-f32ef9e7559a,10/17/2020,408966052-1,Eastern Europe,1/23/2019
b41b48f8-6669-4261-8a65-d7f73295da83,9/21/2019,447319886-3,Hotel Management,1/11/2018
a126b9d5-77a3-45e9-bb55-98de731f9271,9/22/2019,406857753-6,Vyatta,1/20/2020
0e955f6b-adb7-4b45-bcfa-062daafc3a0e,8/11/2020,324393586-5,PDCA,6/14/2018
2dad8cee-7aa4-4509-9ada-44f7b70b0304,9/23/2018,504046069-4,Cognitive Psychology,10/20/2019
99fcbaa8-e9de-4720-b786-a5f09d4b6dba,11/14/2017,257596516-0,SSAE 16,8/23/2018
6b4a957d-f60e-4aad-af1e-8e0f9ba42aa7,5/6/2020,552231006-5,GMAT,8/17/2020
b083c387-fb31-4830-aba9-d4030a03305b,10/4/2020,197902438-3,osCommerce,2/1/2019
65bf6737-be16-4888-960f-fb744a536e01,7/31/2018,873199668-X,Office Administration,10/7/2020
c9e6b350-374e-45be-b556-dd8160438247,2/14/2020,382246393-0,SPC,4/9/2018
44d48f76-7c62-4c6f-846a-f97b39bab5ba,3/29/2020,390221589-5,Behavioral Health,2/7/2018
1e59fac6-93f4-4073-9175-735b6035f704,9/6/2020,632458731-2,Whitewater Kayaking,10/22/2019
f247817c-94c5-4f33-af09-a58241e60a40,8/30/2019,881457172-4,Salesforce.com,11/14/2018
f2b4fe19-200c-436c-9ed2-9cbc443c7b6b,9/27/2018,736170814-5,DSP BIOS,10/9/2019
5d5b7c99-7753-4f8c-b12e-4da49c5a17a7,5/9/2019,851852418-0,gPROMS,12/25/2018
e66efcbe-aa7a-4d30-bf06-5a1d24076283,4/18/2019,593032256-2,MCDST,4/20/2019
0efc4d76-cdf3-4ce4-aa77-e111e36d0f79,3/29/2018,111856152-X,Cross-functional Team Leadership,7/16/2019
7792bfb2-cc88-4bf3-8a40-df4015fce135,5/8/2018,737188810-3,VPM,7/10/2018
0337da66-ab42-413b-8dca-d82e4941a419,3/27/2020,157572964-4,Environmental Management Systems,11/5/2019
ea2a8a2e-b3d2-47b5-ac78-0d733e917b14,8/16/2018,292437431-6,Local Government,4/2/2018
fcabd305-c1fc-43e2-9573-b58def468b55,9/21/2019,519781779-8,Client Services,5/30/2018
13747937-41a0-4d5b-8c29-342a031af4b2,5/23/2019,545920827-0,GSX,8/14/2019
240b771e-3c7d-49fa-b7f0-3e66e1f9d4af,1/19/2020,299308871-8,Poka Yoke,1/24/2020
7a35c32e-468c-4ccb-a4be-29cc5828b210,2/1/2018,208752415-7,VT,9/30/2020
c164ce6b-fa19-43a4-b7d0-c64c72e174b4,12/10/2019,564846429-0,Tunnels,4/28/2020
165c1836-cea6-488b-97d3-f96dca3a0399,10/18/2019,661655653-0,Footwear,4/12/2019
0c9ddac5-98c6-4ebf-8ce2-1d3a1a452e72,5/30/2018,504718754-3,Attendance Management,4/30/2020
12883f3e-e820-4d79-993e-a65a5c2dbfe6,12/20/2017,692058623-1,Teaching Writing,3/30/2018
7dba44d3-8771-4c3c-94a0-c0f4b847cd7b,5/14/2018,782363042-7,GSM-R,3/16/2019
2c9f079d-b1ac-431b-89d7-3e9658f39842,9/30/2018,365247568-2,Thermodynamics,12/21/2018
2e08c7e6-422f-4d1a-8585-077e5ce1c62f,9/27/2020,018758217-3,Nios II,2/1/2019
12950377-7db1-4ce3-bf4d-d4387d73d8c3,1/22/2019,470307433-8,Ventilation,1/16/2018
1db097b2-53c7-4e2e-b5fe-809963158bb6,1/29/2020,622398339-5,OS/400,5/5/2020
b8fe5f13-a1b1-4a10-8af0-9b0b29e15292,2/14/2020,816021034-5,Salesforce.com,11/25/2019
5101843e-f020-4596-af1e-5bd8c949d5ea,4/29/2020,178354403-1,Rheumatoid Arthritis,5/15/2018
bcdc9358-69fd-4c76-b2de-a0386da0e69c,7/8/2020,899117757-3,Hydraulics,12/6/2017
a39ea3d4-0082-4b95-8dd3-d394f4910682,1/5/2018,603424628-8,MRI Plus,10/31/2018
7d1089d1-c1eb-4432-bbec-c6dc126b0816,3/26/2018,582443987-7,Rugby,1/31/2020
815811fe-cd29-48cc-b791-47c1948751e8,1/11/2020,861842202-9,JDE Enterprise One,10/26/2020
b48c37dc-2c34-46da-aaa0-5a77ae86ea16,10/14/2018,693218081-2,MDR,8/20/2018
a96e0455-42b9-4b12-a9da-cfa9036a6af2,3/5/2019,963596249-5,IO,9/9/2019
87913ebb-9af0-4d0a-9c6f-2f828d7339b5,10/1/2020,367183108-1,Current Affairs,8/25/2020
66980bc1-66ff-4be9-ae25-c235914646b6,10/2/2018,020912176-9,Djembe,9/3/2018
ae1aa2eb-0fb0-4a1b-8984-b297cfba88b0,8/26/2019,361898563-0,SQL Loader,5/29/2018
4ea47fa5-2286-4b20-93ba-64a0f2ecedd5,2/11/2018,427355240-X,NFC,8/27/2019
7f7690be-1125-431d-a6e7-37a2ce616dee,10/4/2018,021149383-X,KPI Dashboards,12/25/2017
eca0bfba-7b07-430e-abab-a977448e9c76,9/11/2020,217121296-9,Drilling Engineering,9/25/2018
ff6f8580-5a6c-4af7-8458-0a5033e00b5d,4/7/2018,847022445-X,Biomedical Engineering,4/28/2020
95b87643-427b-49e3-82ed-8f46b1de7c8f,11/16/2019,421262648-9,P&amp;ID,10/14/2019
c5b21b6e-d32d-4c3f-b423-d82309b5a027,5/23/2020,248094092-6,WLAN,6/10/2018
07686130-5e48-4197-9471-1d3c3438579e,6/29/2020,590436513-6,Team Building,1/4/2018
8fd0d7c5-1d8a-4865-bee2-849ae4b07b09,2/10/2019,462050832-2,PVCS,8/31/2018
dc99be96-4f0d-44fa-bcbb-e17b82bc20d8,10/25/2018,828804917-6,Interviews,6/14/2019
7b69fcfb-8d73-49d8-8a81-d887c56b57c8,7/17/2019,436999513-2,IBS,7/11/2020
5e6268e5-6622-4e15-a6cb-5bd1c37e5fad,9/20/2018,699455096-6,JAX-RPC,2/13/2020
49dc29af-2c33-44dc-a4f3-1f0d8e575e27,9/11/2020,855045954-2,HCP,1/7/2020
d344f229-81f8-4515-aa0a-fd6e6e0ddffb,9/20/2019,812556318-0,Earned Value Management,11/1/2020
e65c0739-7e29-407a-8757-b8c8cb64ced8,2/20/2018,569424766-3,Lithium-ion Batteries,3/23/2018
6fb1ad3d-8afd-461c-9f05-7704c0f0cad7,6/28/2019,864617708-4,Software Design,12/20/2018
3ba3330e-109e-4c5f-b4b6-7fe0e64d9534,4/30/2018,719169497-1,NBS Specification,6/29/2020
2c81389f-9c7f-4f6e-a31d-3349bae5060e,11/28/2019,460269794-1,Static Timing Analysis,12/3/2017
1682ce2a-1fe7-447c-8202-f6e7f899802c,12/19/2017,581212828-6,JSP440,12/26/2017
6945d2c1-17b0-47a0-a965-6c09a44ed01a,1/10/2020,995346577-0,Fixed Income,1/15/2018
278adae0-7f8e-4abe-805d-13d5d1efd6d6,12/21/2018,886197582-8,TDI,8/6/2019
6230b3d7-8799-483c-b753-0a8dd7b996d5,2/6/2020,279238716-5,Olefins,11/29/2018
5ba719e8-2b00-4b0c-ba60-51ad48e224f6,8/4/2019,519705944-3,Group Work,5/16/2019
4e30282e-0b60-4a0e-abe2-4e80db66ec57,7/28/2020,130888961-5,RCM,3/20/2020
97fb1205-e2fe-47cb-b190-466e919d0812,10/20/2018,399355446-9,AHLTA,5/31/2019
7f4666e4-f79f-45ab-8866-bddb8b73e41f,12/7/2017,805207343-X,Pipefitting,9/26/2018
a6dc2f3f-9a1c-4ecf-8698-3aaa31147b59,12/10/2018,867333847-6,Hearings,11/23/2018
531e50fd-a55c-4595-8991-fd70291454af,6/26/2019,556251139-8,Book Reviews,8/16/2020
2ec8ced9-a593-4907-b44b-d8eb09ff926d,9/23/2019,609237518-4,PXRD,6/1/2019
abfffeca-ad9d-47df-8b11-58e800a82bc6,4/6/2020,614791286-0,SIP,2/5/2018
8e5fd8ac-cd3b-428d-ab8f-41e88d2cfa37,4/11/2020,545507293-5,Black &amp; White Photography,1/12/2018
8db85fab-4ddf-41fb-80eb-c2623dccb20a,6/1/2019,904087509-X,US GAAP,8/25/2020
b292f917-2868-4c91-830a-0f3ada31f372,11/3/2020,463851437-5,Krakatoa,3/7/2019
961a0c89-2206-49e1-9b05-39d9bf944aaf,4/9/2018,904944573-X,HSPD-12,7/18/2018
ba551dc3-414b-410f-845d-03f0d55418a7,3/16/2020,669533171-5,CCU,4/13/2020
bb08d9c5-5247-453c-9d68-c445b40316e1,9/5/2019,836340584-1,Hypnosis,11/26/2018
c08738a9-0330-41c0-9150-ea537c7ac014,12/29/2017,600623339-8,Access,9/14/2018
86cf699a-3e05-4ea3-998e-d95d54664668,9/30/2019,128474500-7,Utilities Management,5/4/2020
37118061-f998-4e98-b139-ff275b239571,7/2/2019,183849717-X,Zeolites,7/21/2019
34d68976-b699-4a03-9851-3e63c05f87fb,7/19/2019,867635583-5,ebXML,1/26/2019
b64e040a-ef80-4460-ae01-0d44c3c51e60,8/22/2018,606863421-3,Flame AA,9/14/2018
64558d8a-4c41-4f6a-88e7-fff5f90d03dd,5/28/2020,113892897-6,CPL,4/8/2019
143728c6-2bb0-46e1-90e5-77628d903836,2/5/2020,920129641-X,Pymol,8/30/2019
2c94c8dc-f3e8-4ec4-9c7b-5f718bdda8c9,8/28/2020,442284497-0,Oversight,12/28/2017
f6b875fe-acae-4122-a5ce-ac2de8c626b4,10/27/2019,397443627-8,PC Anywhere,7/26/2018
6d68ebff-6637-4f3b-9d7b-f7337445731e,3/12/2019,118093147-5,Driving Results,9/16/2019
7fc7d7c9-8c51-47ed-ba07-39faba94d0a1,4/3/2019,604596507-8,Economic Research,10/30/2018
716ed546-a018-45f6-947c-fc6357293f0a,3/25/2018,378729858-4,Frame Relay,3/18/2018
ab30dd58-865d-4a68-af35-21fc5ad8db01,8/9/2018,115409688-2,MBD,5/22/2019
0fa80f5a-1572-4d0a-a201-e66a08b00f6d,12/25/2018,459387373-8,Vocal Coaching,5/28/2019
938f9373-3433-4459-a143-e3bacbfa7e72,9/18/2018,433737493-0,Lumion,10/26/2019
6452edcf-65fc-48d7-a6aa-9b54ca5529ae,4/29/2019,062897757-3,Business Transformation,5/13/2019
b60bbae4-32e4-4a6c-92b6-f9be300745b7,9/2/2019,625911151-7,Performing Arts,10/23/2018
376814d7-6d87-4a8e-bb34-199bdbb65ce3,2/7/2018,629288146-6,TDMoIP,12/1/2019
bf64e641-b8c9-4df9-86cb-c6f102922457,7/28/2019,968664962-X,Agile Testing,6/18/2019
5b9b2e24-e2a0-49b5-8d03-d93d31109ab0,12/31/2019,004440542-1,ZigBee,10/21/2019
e353cac3-039e-4ce7-9277-2fe5809b8abf,6/14/2020,714373479-9,Online Gambling,9/4/2019
27cadad8-d5c8-4b54-b647-cd32e8918e17,9/25/2020,450463489-9,Tiles,7/14/2020
e4273d78-5d65-4767-a820-4e9eb5e0fa75,11/11/2019,824185412-9,Copywriting,3/7/2018
1242e72f-2b2f-4374-85d3-4cff8e780a79,7/21/2019,893131956-8,NCDA,4/17/2018
14d39c87-4921-437e-a44c-c808c328f4f6,3/9/2018,845486757-0,Private Events,5/26/2018
5e15209d-3acd-4100-9b55-9b741f8b3968,2/13/2020,729109772-X,E-commerce,2/21/2020
731c2b33-495c-41f8-9fab-54d766d1081c,9/19/2020,920498819-3,cDNA,8/7/2019
cb729aa4-ebc9-4298-be31-9f0b6876980e,12/30/2017,098818989-5,RC,1/16/2019
14de2106-b380-42c0-862f-da3bc84cdad3,10/11/2018,038447448-9,HSPD-12,8/14/2018
fbf0de8f-d77b-4bff-ba08-c2d76d0d0ce9,9/20/2019,697509948-0,Gold,3/30/2018
d6cbc34d-eb02-4b0b-b557-6fd64a5a09bb,7/18/2019,440853368-8,WSRR,5/3/2019
f3d8d5fa-0bde-4c12-ac95-baf4231a1133,2/3/2019,309405073-5,Tissue Culture,9/8/2020
20bfbc41-9fe7-4f30-93e9-ff0f45ed76d0,2/17/2020,043999653-8,Equestrian,6/16/2020
5d0c41ef-84c0-487b-a62a-bd8d25946d94,3/23/2019,253726304-9,vShield,3/16/2019
9f0529bf-8e13-429a-bfae-6a0284880807,1/13/2018,667015702-9,Airlines,6/28/2018
513bbc0f-48b2-4f82-9284-ea5cd591ed71,8/16/2018,723189586-7,Kompozer,4/10/2020
11d86727-ebee-469f-8f29-ccdd49949a6d,12/20/2018,259507296-X,Owners Representative,10/10/2018
1228237e-25cf-4712-be5a-6e316942b9fe,5/19/2019,457654425-X,CVA,12/3/2017
e8b275e3-4d67-4ecc-af7e-0e7d2a69163f,4/7/2018,621580154-2,TNS Media Intelligence,5/14/2019
93605869-5fc2-4c00-859e-2f1bdc105238,4/7/2020,839656532-5,Process Scheduler,6/26/2018
f548c66b-c8dc-42a8-a9a3-892f10f988eb,10/15/2020,623289210-0,Youth Programs,9/1/2019
2812c7c7-5004-4f15-bba6-5e6fbb95ecc4,2/24/2018,123604446-0,OECD,2/25/2018
075e0741-fb81-40d5-b2db-0ecdcf438c41,1/15/2020,060082726-7,Patents,8/9/2020
d03d1b9f-b5af-4711-a53d-65101e897b1d,10/22/2019,888005955-6,DVB-C,12/11/2017
f1f508a2-54a3-4d10-89b2-c72ece055e59,3/6/2018,504913836-1,Wide Format Printing,6/3/2020
f409a4a1-e878-4db1-8573-3c7ee4e0e83a,5/12/2019,590808197-3,Patents,3/21/2019
e2dcf135-f587-426e-88f1-e148e100085c,1/11/2020,051652665-0,DSP BIOS,7/17/2020
308995df-88bd-468d-94ac-5098bd28dc88,7/22/2019,689762551-5,Data Entry,4/23/2020
9a795701-31ad-453f-9519-edf9c0b29576,6/23/2019,966799275-6,IFTA,1/3/2020
b5e18c3a-92b2-4ccb-a930-8bdcdffd35e8,8/19/2020,206062153-4,Rhetorical Analysis,6/23/2018
5240e941-d87f-4df7-880a-c4e93323f520,1/11/2020,927977464-6,SSL,6/28/2018
05f8f328-70cc-40e8-9787-a38e63540832,11/9/2020,089358318-9,Ductwork,7/23/2018
a0ce1e6a-8244-4ccd-9c1f-addcb04ce41c,8/30/2018,803989052-7,WCAG,6/17/2018
f6a09ce6-6a57-4aa3-bd56-064ee33dffba,1/21/2019,879183750-2,IT Audit,11/27/2018
c17fbb27-c476-4605-8b7a-f7c66e848732,12/1/2019,388150444-3,Public Policy,5/28/2018
6adbc500-4da5-48b3-857c-f0102d8976e6,9/5/2018,024865601-5,Jets,11/28/2017
a2a1a5dc-d208-484e-add0-b4ee1f7bb28d,10/12/2019,592077900-4,MMIC,7/6/2019
43f1719f-4130-450e-9257-cc94d4043ed7,2/22/2020,765604595-3,Qigong,1/10/2019
0098a8d9-169b-48ad-85b8-e2d20126cd1d,3/26/2019,905053673-5,XCAL,3/10/2018
61f981dc-de86-4618-a85b-a97972ae5b61,5/14/2018,250496454-4,UCS,12/29/2019
53d32a11-e031-42c1-af6c-2ba9df71f5a7,8/29/2020,176616789-6,Airline Management,9/9/2019
15c9a4f0-3094-4618-a586-738a7d341a79,8/28/2020,387558413-9,OSPF,1/24/2019
3f591eb3-bc1e-45fc-bbda-bb0347a2d1aa,8/23/2020,352126404-1,News Writing,2/24/2019
980f71da-1075-4b50-90e9-973526ac9c31,5/12/2019,121667191-5,OSHA,10/1/2020
aa7a7762-ac91-4940-ab47-6282a4ca11ec,6/5/2018,081072402-2,VRML,10/20/2019
b4b19cf6-52ee-4abe-a9da-7bc97aa7e98c,4/29/2018,422808302-1,Flatbed,9/14/2020
abce2963-191d-49db-91bf-030f7237f9ab,9/16/2019,038664855-7,Talent Booking,2/10/2020
6ca0f3e6-150a-4efd-847a-0459e73478d2,5/18/2020,045030043-9,Digital Photography,5/26/2018
b69f0cc1-c2d8-4e02-99da-c9038a15df7d,9/30/2020,449651991-7,Web Content,1/18/2019
f82abad5-4902-4254-ae3e-2a0045dfe01f,11/25/2018,877049823-7,Phase II Subsurface Investigations,10/25/2018
d2655f5a-121a-44ea-bc71-863c68312977,2/29/2020,580003074-X,LynxOS,11/24/2018
54d70699-c8a0-494e-9b91-9341ed5b578e,8/29/2018,940303910-8,Krakatoa,2/2/2019
0515ec47-3d75-4669-a51c-9afce0bb92c8,4/18/2018,625801294-9,Media TV,12/30/2019
766cc2b0-9b70-4158-947e-4c69d2fe1456,4/27/2019,471836075-7,LPR,10/31/2020
18fba022-f184-4fca-aee5-2524b5de4b14,12/23/2018,913226416-X,IBS,10/14/2020
339dfb62-7730-4aa6-9493-7800ffcdcfe9,2/27/2019,911531529-0,Executive Coaching,3/10/2018
ecde18a7-0436-4f89-be29-861effca112b,12/30/2018,548701540-6,Executive Management,7/19/2019
61b943d6-53b1-438c-bee3-483a71b6b4f8,4/4/2018,415531918-7,XStream,2/17/2019
f4b3ca70-6c29-4340-aa3c-304d4fd116b4,1/14/2019,884507847-7,HBase,3/10/2019
8b00c6c3-75d3-4768-a5bc-cfeb690217a4,1/7/2020,180506730-3,Sports Coaching,2/23/2020
795346ce-92c2-44a8-8221-c1107b51997a,9/20/2019,733958005-0,Pharmaceutical Sales,6/19/2020
d2e0de5d-57c6-4234-bc30-96ece204c307,11/18/2017,596967061-8,Special Events,4/24/2018
3a7492ba-5a69-49ea-b66c-d9a69a1b8f2c,1/30/2019,341018053-2,Security Clearance,9/18/2019
b4c50aed-84ac-4499-93cb-5d3749532429,5/17/2018,204107449-3,VSE,7/24/2020
3caa87d8-ec02-45a7-b28e-d0dd3068a4ca,2/21/2018,114910668-9,Jidoka,12/25/2018
cb9d758c-2af1-49aa-a8e8-4d9f7ac0f7a4,8/30/2018,556121950-2,SharePoint Designer,7/15/2018
532cb8a2-26de-4fe6-8ee0-f05e6ec6c772,1/16/2020,562505572-6,Knowledge Transfer,8/17/2019
201bb046-994c-4d69-a19d-dab640e18f2e,4/7/2018,197381243-6,Virtual PC,4/2/2018
c19b0fe9-32da-44e8-9186-502b36c6a9d7,12/16/2019,500690352-X,Critical Thinking,4/9/2020
f3460c75-4f62-40c6-97be-2a3cc1e011c2,6/1/2018,069580906-7,OnQ,10/9/2019
68d20191-0c89-456d-a452-08a1e2e5a561,7/7/2019,234767086-7,OCP,9/21/2019
ee81caee-d265-4a9d-b8ee-86d048284e7e,11/1/2020,109409521-4,VMware ESX,2/13/2019
0b3094e8-60e1-4a5e-bc6a-85fb76eb3015,5/29/2018,996431417-5,DFT Compiler,1/12/2019
60af85d5-cafa-4797-a761-f60b7bba7a67,4/6/2019,585897203-9,CXO level engagement,9/8/2020
e8cccf3b-3a37-453b-a7a0-085a57deec20,10/17/2019,045572022-3,Ultrasound,8/19/2020
b99c5c5e-8da4-4ec5-9bae-0a9c70fb712c,2/11/2019,203755337-4,Sports Management,1/28/2020
f5003a9a-478f-463f-b5fc-ad3c1b3102a3,3/28/2019,199236046-4,Geological Mapping,8/21/2019
d8bd18eb-113e-4376-b35c-34656b257794,12/22/2018,705136908-3,Easytrieve,1/31/2020
65806974-7b79-4b29-a12f-c51328173de1,1/12/2018,346382429-9,Flash Animation,4/28/2018
0b3c6440-d3ac-4f2e-a73b-80a6b2f9d680,1/18/2020,111109708-9,Btrieve,1/13/2019
7e3ca683-17f6-4037-8157-b8c7eea4323e,6/24/2019,263538980-2,IETF,1/30/2020
2b3d9a2f-90d1-4b68-840f-4363ab64091d,8/28/2018,015460363-5,Mortgage Lending,3/17/2019
baadcbc1-2a17-4028-aa88-fd8b15de4e31,11/10/2017,166960413-6,Ektron Content Management System,11/9/2020
602bdf57-f09f-4f02-89f4-52ab60fa7cc3,8/9/2019,453217004-4,SMO,8/15/2018
fe6d8187-3654-4c10-8f18-b80e49b95174,4/27/2020,369088068-8,Property &amp; Casualty Insurance,5/2/2018
c3dd25cd-91b8-4558-a03b-ef9d392b2478,5/25/2020,352407730-7,NDDS,5/31/2020
7afae312-5b0a-4224-bcd3-620b2a5cfdb1,1/2/2020,554292439-5,Front-end,6/17/2020
6786feaf-dc23-40b8-bb78-fc84f172ce6b,10/7/2020,546286074-9,Sleep Apnea,4/26/2019
65b496f8-f925-4b9e-bc2f-80d9ecaef5b3,6/2/2018,484444014-4,OTP,3/8/2020
7c436305-e304-4f02-986b-22fb98f1ddec,5/5/2020,931197223-1,ZPL,11/17/2019
0676cfcd-85b9-44ef-90d9-9cdfdb4ea23c,11/23/2018,273121838-X,CP,5/19/2020
3b0460a6-0522-4378-a378-069647c41ab4,9/28/2019,499215991-5,UltraEdit,11/8/2018
29d466e6-93b4-4301-8650-86fdfdb3310f,11/29/2019,257647983-9,OMB Circular A-133,7/20/2019
c8d1d9f3-4feb-4278-aa0e-b8cfb61d3b6b,9/8/2018,166621701-8,International Human Rights,3/22/2018
4e653e7c-86c2-4e5e-b9c7-07261eba41ff,5/28/2019,611649348-3,CPR Certified,2/15/2018
a8829e6f-a66a-4bbf-9b45-0b0e17126fb9,3/28/2019,745261254-X,Workshops,4/4/2019
bf812da7-f109-4d03-b96b-ba62c3bae61f,8/24/2020,780491423-7,T-SQL,7/19/2018
95325c3a-567d-47bb-afc0-dc2716eb3eae,5/6/2020,642446785-8,IGRP,12/4/2017
66b16801-fb46-416b-955e-d985ab581c23,5/13/2020,790395105-X,German,7/14/2019
016b0cea-0fac-4468-9a25-4f1576a2f0f1,2/10/2020,576204099-2,EU Law,5/19/2019
dad539cd-fa8d-4c86-8ce1-a898c7baef39,8/23/2020,335379920-6,Tactics,12/15/2017
6136fab7-9df8-43de-89af-7424f0cd140a,7/20/2018,266185979-9,LTD,2/12/2018
af65645b-f311-44ae-abe1-119a33da3cce,10/14/2018,872015189-6,Omnibus,9/6/2019
30d81713-5c7b-4dbf-a621-43c4d20a0d19,7/24/2020,841592605-7,JSTL,7/8/2020
8d433e5a-029c-4726-a2dc-382eaf3f0734,4/28/2020,050662074-3,Novels,11/11/2017
2bdc8910-e666-44c6-b6c8-d88b728d1083,11/30/2018,006855990-9,Geology,7/27/2018
8fa58a80-1ebb-4456-ae70-b86d73a727b8,3/21/2018,025646747-1,Commercial Banking,2/12/2019
3cde8c8c-f697-4db9-bb97-0ffa3985b9d8,7/2/2020,801847114-2,Attendance Management,4/8/2019
94a3aa8d-4536-4397-a42f-ced1b230c525,7/4/2019,893994565-4,NDT,9/30/2018
4aa6390e-a8d0-4c37-8809-9c3899ee8b47,11/17/2017,597103484-7,CCNP,1/5/2019
92350544-a670-42a5-bde0-d26d9f920120,12/29/2017,837870702-4,Culinary Skills,6/5/2019
03717d48-9fd7-4b49-8b58-28b13813b84a,2/18/2020,484586363-4,Linux System Administration,6/2/2018
e68e36a8-d956-48c8-aed8-a87d8f9e3c78,5/3/2020,603414602-X,HLR,11/8/2018
02d43c8a-c661-46f5-8c17-39f5f4a0c560,2/22/2020,520644033-7,SAP ERP,1/7/2020
9f2bd8f5-fa30-4a1c-9c1e-1894ff0e1c1f,2/20/2018,173840274-6,NDS,6/30/2018
9836b5b4-7266-4821-acaa-f2203d94f76c,2/22/2019,610258640-9,Wholesale Purchasing,2/12/2020
b41fa418-6178-4cd1-adcc-ea898bde73cf,4/5/2019,518641606-1,Kickstart,4/7/2018
e1a167b8-e1e5-436b-afd7-ca35393f8eac,5/15/2019,645451911-2,PCB Design,2/11/2018
2418f5ea-12bb-4536-abd3-30f977bbf6c7,7/5/2019,887542116-1,Applied Mathematics,4/24/2019
c9bb04f7-c067-4327-bf4b-18f46499f873,5/23/2018,299813716-4,Ethernet,1/24/2019
878766ea-d47d-49bc-874d-3032067f2449,3/26/2019,739473181-2,Object Oriented Software,6/26/2018
e062f4de-ad69-41a3-ae65-7adc5317f222,7/24/2018,564944042-5,DDI Certified,5/8/2020
d2afb2ef-b640-4d10-bcb0-15cb3c582a64,1/29/2018,950255667-4,Ninja Skills,5/8/2018
077358c9-2580-45b2-8d09-b9153152f901,8/22/2018,445191267-9,VCT,11/25/2019
3eaecf80-a33c-4460-9d7d-4c5f3d13e57f,4/13/2020,138720536-6,Igloo,9/8/2019
89683329-2f8d-4df0-920e-c9647605c518,10/24/2018,452073989-6,Pricing,3/25/2018
0afacd9b-074f-4493-99b1-253dc312ecca,11/21/2017,680234540-4,Aerial Lifts,9/21/2018
4ab147c8-bc9e-4056-ab54-26e6b5e8b55d,7/29/2020,604876431-6,JNCIP,5/11/2018
adb5af1a-89a9-493e-9941-0b2eb7875813,12/20/2017,212300939-3,Agile Methodologies,6/25/2018
54964240-b60a-424f-8c02-dfabf7f95d15,11/7/2020,750564264-2,AP Style,1/10/2019
579f197b-86ad-48ef-adf0-f1e5bf86c0b3,7/10/2020,031814005-5,OSI Model,1/20/2020
1f873288-3de6-4a33-b04a-e470d759fafa,2/1/2020,276815840-2,WGA,8/27/2018
64359883-3967-434b-a2b3-3e23d628231a,8/22/2019,644558341-5,Sustainable Development,7/21/2018
b15d0474-7571-456b-b715-fd67d8274ff7,12/31/2019,589551842-7,Copywriting,5/20/2019
fdd55e0d-2f5d-4099-b9d8-09999644a4b8,12/20/2017,050958044-0,Global Human Resources Management,8/31/2019
7ffc6c4c-43ac-4e60-8a12-35ffe3bd4253,6/16/2020,178684042-1,Hydraulics,8/17/2020
44bb2116-e1c0-49c6-91a8-f053693a4c83,5/16/2019,434334343-X,Budget Oversight,9/26/2020
41c34af7-00d0-41e2-8799-7b72e9526217,6/14/2020,059080875-3,DMC,3/15/2018
5e515505-48c1-4c73-82c7-2ee1dae13197,4/29/2019,788006605-5,AES,6/28/2019
42912cd0-5f3e-49cb-8167-6ccfd1815da9,12/10/2019,795419396-9,Grants,9/10/2020
bc95035c-a8c2-4510-b8e1-00f9b5b95490,3/2/2018,648495906-4,EEO/AA Compliance,2/10/2019
351ed476-30b8-4eca-8eb5-75e762bed66d,2/18/2018,028521608-2,BMC Remedy,12/23/2018
556ab9ea-7b51-4e4f-985e-d1d91f0d4e7f,7/18/2018,768384737-2,ASP.NET,1/11/2020
e0c95e99-74c9-48c8-8667-f3be2fdcac02,2/1/2020,752861352-5,ISO,5/27/2018
cdb44d49-dcd9-46b9-b95a-723da6a9dfff,11/5/2018,373753975-8,JMeter,3/14/2020
0ed3c966-0b82-4ac5-9591-35f324c883de,1/24/2019,133633249-2,LDI,8/22/2020
c1c1c1c0-ff9e-44a4-a7d2-0e6e3ce8799f,1/18/2019,048770918-7,Etching,8/14/2018
d8c94372-e4b3-43be-9d18-23230e4eeeb7,11/22/2019,513357646-3,Red Hat Linux,12/15/2017
656c396a-6e69-47e0-a515-9eab49547345,7/20/2018,262401981-2,Notary Public,8/2/2020
eb5f8899-156e-4ab3-a0d1-c549fd4c24cc,2/12/2020,863105028-8,Operational Planning,6/16/2020
dc0cdf90-2925-4b83-a126-4b8710ae5bcf,3/18/2019,948279867-8,Client Relations,4/27/2018
01129e11-034c-410d-be84-2ea0ff695ab3,11/29/2017,715084243-7,RS/6000,12/1/2018
71561d9c-8303-4de8-a3c7-48b3c2624aed,1/8/2020,360871434-0,PXE,3/5/2020
b1281a1e-bb7b-48f7-b9f8-958099605d51,12/21/2017,527297703-3,Management Consulting,5/30/2018
919571af-4f47-4828-b474-595d0f49de18,9/23/2019,941709574-9,DBE,1/9/2019
f621ac09-f278-42cd-a38c-9bfc6038a96b,3/16/2019,052967004-6,GML,6/5/2018
c207032b-5d46-4a78-b1b1-a6b28ef3a91c,7/24/2020,021303042-X,FPSO,11/28/2019
5df272c9-e314-4e72-a43a-cdd68269ce2c,9/4/2020,561998921-6,LLDP,8/24/2019
44a71c63-1e90-4dec-867a-4aa91256c5aa,8/7/2019,811645722-5,DMZ,11/10/2018
18971893-37e6-4fbc-adb0-02f751021490,3/20/2020,105942418-5,JP54,7/25/2020
a2063c24-9e02-4a8d-a2da-7f8de2ae31a4,1/13/2018,832772213-1,Signal Processing,4/21/2019
bcdbf925-c8aa-4c2a-9117-5a24ea015c87,11/6/2019,258760938-0,Image Processing,8/29/2020
d5768941-3f13-43b9-b725-f6e7638791a3,1/14/2019,783284586-4,Call Centers,12/8/2017
98e511b1-73ab-40c4-a893-fa939f86060b,5/26/2019,960442820-9,BCLS,4/25/2018
73d0a5fc-6164-4094-a5d2-aabd178f975f,8/3/2019,621407121-4,MM7,12/9/2017
6c314a51-d281-49e6-ae5f-b8e6f0a10abf,12/8/2017,044904651-6,Mood Boards,10/21/2020
815df681-e4a2-4ad2-b022-ea93bf512590,1/28/2018,053167369-3,HMI Configuration,2/17/2018
e9ebe3d3-d01b-46c8-a316-f8926725d59e,6/16/2020,208277839-8,Pygame,8/27/2020
a15f44e8-408f-4ce2-b71a-db92a59d119b,12/17/2019,817458436-6,Test Planning,11/23/2018
3ec8bb53-76bc-469e-b234-9ade4bdabbf9,11/5/2018,199294413-X,FSCM,5/20/2020
15a7831b-6bb6-4560-aadf-affe4db0cbbb,1/8/2020,641244856-X,XAUI,7/15/2020
8637f641-9cfa-463d-a879-7a7da9c7fca4,1/11/2020,720148438-9,Luciferase Assay,5/14/2018
e57f8e7c-e9ca-4a19-bc83-8449eef3c19b,8/25/2018,248587910-9,Autism Spectrum Disorders,5/18/2019
aa319b16-bd69-4be2-b4cf-86430f50c8e3,2/27/2019,086925183-X,Continuous Improvement,12/13/2018
6f5f5bc9-14c7-4304-8a37-63e047012946,2/6/2018,239865655-1,Computer Games,1/2/2019
a2e7a10c-9c4a-4153-8041-31ed2d625680,10/17/2019,435190623-5,Jury Trials,1/14/2020
7afe06db-c35f-4bd3-ae19-f2ea76b55554,2/6/2020,389748909-0,OEMs,11/18/2019
731b8799-eff7-41e8-a84a-684d5fc6c183,7/7/2020,623392372-7,xCP,12/20/2019
789a2314-60da-47b5-869d-903e14d484df,10/14/2020,233512970-8,Strategic Human Resources Leadership,10/17/2019
1fb9b203-cbac-4e6b-9873-6caf3231ba74,9/2/2019,379015525-X,XML Gateway,1/29/2019
09102c9b-0876-49b6-b710-bc3bc22d5860,3/27/2020,876364407-X,MBR,2/9/2018
b621ac8a-f2c9-4883-abe9-ef03b17df899,3/29/2019,176254696-5,HF,11/15/2019
58ed8589-db1c-4068-b35c-a59afe4a3724,9/13/2020,877748316-2,NGP,1/7/2018
5d62e16b-5e6d-461b-8b16-e619b2d62631,10/25/2018,988230115-0,Eiffel,1/5/2018
f73d2cf7-5131-4853-9b2c-21dbadb5c214,11/12/2017,697279609-1,MGCP,6/15/2019
caa8e957-755f-4907-b1dc-f199373ba809,10/28/2019,216858716-7,MTP3,8/8/2020
7462d794-14cf-4938-80da-4d8e4fb21251,2/26/2018,873457445-X,Ozone,5/21/2018
4041ceb1-ebf4-42df-bad4-5611963fa166,2/26/2019,359807328-3,Jing,10/30/2020
21cd52b5-d73a-426d-8934-99367fbaa957,11/25/2017,124285436-3,HSR,7/25/2018
ac64d3f5-76c2-4ef8-b1d4-49663de0b24e,9/30/2020,092123967-X,Applied Kinesiology,12/10/2018
0395b07a-8426-4b20-afa5-57756eedd181,3/7/2018,068889015-6,XML Spy,9/3/2019
4901ac3b-989e-41c9-8065-647dc6ccfb96,11/25/2017,497536824-2,CCTV,4/13/2018
656f54e5-a5e4-41ba-b503-b6420a0d3f50,11/10/2017,428939281-4,RCSA,9/20/2019
d58540e4-4bc2-4f6d-81ea-49ffa98e7a62,8/24/2018,928863299-9,MVT,2/6/2019
cbc5451e-1e20-4847-af0e-bee01ab7b719,2/1/2019,932008792-X,Quality System,5/29/2018
e9ef6090-8cb9-4b00-b7c8-ed8c02ad2315,11/9/2018,252501013-2,cGLP,3/15/2020
facb544d-7816-496b-a3d5-6bf217346a36,10/18/2019,588207610-2,VxWorks,1/2/2018
22b0549b-557f-4d1f-a4a3-bf3fc60c9b9e,11/24/2017,617729124-4,Juvenile Law,4/27/2020
125b751c-dd52-4690-995c-ddd157a83c09,3/20/2020,113281882-6,Sarbanes-Oxley Act,1/7/2018
2661fcb7-dd42-40a9-a02b-6e4d5fb20961,12/12/2019,684202021-2,Legal Issues,9/30/2018
0d582ce1-196b-488b-8e11-77a2a2d04e23,2/9/2018,067835115-5,ISO 27001,7/15/2020
7a5e7c8a-36a0-4d8c-a5ec-f3384335fe01,7/19/2019,693440397-5,Policy,8/22/2018
37afa832-49f1-4c83-b16d-b418aed556a2,5/18/2019,471621627-6,Powers of Attorney,6/18/2018
ef071dcb-30b1-4eea-9a68-d17c7872f6c0,12/19/2019,533432533-6,Software Implementation,10/15/2020
20d17edd-af6c-4135-a30b-d5fefad9c620,11/12/2017,776250583-0,Low Voltage,11/29/2018
4798fb27-dee8-45fb-abd3-4b9b9038057c,6/26/2019,266808416-4,KWI,2/29/2020
65c79dc8-5f5f-468a-b19c-54f36c803b79,7/16/2020,261057555-6,OGRE,2/20/2018
63100eed-1435-4a7e-ad0d-37c4812a195f,5/20/2020,945202082-2,Music History,12/1/2018
bc2a3c6d-8185-46cd-9dc5-0c262141309e,10/16/2019,082185385-6,DBs,3/13/2020
46bcb98f-b68f-4b45-b517-b77e30875091,8/30/2018,289827000-8,Record Keeping,8/6/2018
36f0d9ae-7acf-4115-a984-23c948509353,2/23/2020,820710516-X,OllyDbg,3/16/2020
4acf4bfc-6c40-45fd-b97f-8227f5ca168f,10/12/2019,862804346-2,CGL,11/13/2017
6d194c7b-dec0-433d-9d30-7f2b45b8793f,2/1/2020,393576333-6,Fine Art Photography,9/27/2020
b7e9f36b-abce-4b05-8e93-bd7435e48ab4,11/6/2018,852852781-6,Occlusion,6/12/2020
8b2ad0e3-13c1-4967-94e4-793a58c9663f,7/29/2019,478149607-5,IS-IS,9/5/2018
4bab5af7-2736-4bdd-94db-cb357b17c069,3/17/2020,032092758-X,JDOM,5/22/2019
8c5856c8-acc2-46eb-9372-0fc8bf768054,12/2/2019,733793156-5,Bands,5/30/2019
6e193f59-d8a5-454e-99a4-c79de451e5d7,3/17/2018,583602244-5,WPC,11/25/2019
a04c9f9d-5155-4a15-9563-344cf42f11fc,1/10/2018,745707673-5,GWAS,8/12/2018
10e757f8-3feb-4449-88c2-a4c9edf40708,2/3/2019,485576934-7,Occupational Therapists,8/10/2019
17c4d041-d72b-43dc-acc6-6563d3cb2b13,6/12/2018,550785010-0,Psychological Assessment,4/24/2018
1d97787f-448f-4489-a91b-145742dcc1e2,12/8/2017,777086224-8,PIM-DM,4/27/2018
bf88fece-5570-4609-b45f-3431d1d34213,9/8/2020,463281138-6,Strategic Sourcing,3/23/2018
c274983d-b86c-4c7d-b9d5-c4a4702d202b,12/1/2019,232178743-0,SketchUp,2/13/2019
538cb7f5-ee4c-4e7e-98fe-a84a03f9900f,2/23/2020,201200266-8,Ergonomics,10/25/2020
f2f4066b-34a8-47f5-8f74-65e3d2bf93a2,2/5/2018,123125367-3,Group Work,3/4/2020
7efa08fd-2bbd-43b6-8d2a-de6eb4d58d72,12/20/2017,883711874-0,MDA,7/16/2020
